<?xml version="1.0" encoding="UTF-8"?>
<sbml xmlns="http://www.sbml.org/sbml/level2/version3" metaid="metaid_0000001" level="2" version="3">
  <model metaid="metaid_0000002" id="KDM" name="Ibrahim2008_MCC assembly model KDM">
    <notes>
      <body xmlns="http://www.w3.org/1999/xhtml">
        <i>BioSystems (2007), doi:10.1016/j.biosystems.2008.06.007</i>
        <h1>
          <i>In-silico</i> study of kinetochore control, amplification, and inhibition effects in MCC assembly</h1>
          <br/>
		Bashar Ibrahim, Eberhard Schmitt, Peter Dittrich, Stephan Diekmann
          
          
          
          
      
          
          
          
      
          
          
          <br/> This is the kinetochore dependent MCC model (KDM) from the article. For the kinetochore independent MCC model (KIM) replace  
          
          
      
          
          
          
      
          
          
          <i>u*k4f</i> in 
          
          
      
          
          
          
      
          
          
          <i>R4</i> by 
          
          
      
          
          
          
      
          
          
          <i>k4f</i> and 
          
          
      
          
          
          
      
          
          
          <i>u*k5f</i> in 
          
          
      
          
          
          
      
          
          
          <i>R5</i> by 
          
          
      
          
          
          
      
          
          
          <i>k5f</i>.
          
          
      
          
          
          
      
          
          
          <br/>
          <p>This model originates from BioModels Database: A Database of Annotated Published Models. It is copyright (c) 2005-2009 The BioModels Team.
          
          
          <br/>For more information see the 
          
          
          <a href="http://www.ebi.ac.uk/biomodels/legal.html" target="_blank">terms of use</a>.
          
          
          <br/>To cite BioModels Database, please use 
          
          
          <a href="http://www.pubmedcentral.nih.gov/articlerender.fcgi?tool=pubmed&amp;pubmedid=16381960" target="_blank"> Le Novère N., Bornstein B., Broicher A., Courtot M., Donizelli M., Dharuri H., Li L., Sauro H., Schilstra M., Shapiro B., Snoep J.L., Hucka M. (2006) BioModels Database: A Free, Centralized Database of Curated, Published, Quantitative Kinetic Models of Biochemical and Cellular Systems Nucleic Acids Res., 34: D689-D691.</a>
        </p>
      </body>
    </notes>
    <annotation>
      <arcadia:listoflayouts xmlns:arcadia="http://www.arcadia.org/ns">
        <arcadia:layout arcadia:name="Default Layout">
          <arcadia:container arcadia:strategy="Hierarchy">
            <arcadia:container arcadia:strategy="Hierarchy" arcadia:sbmlid="Cytoplasm">
              <arcadia:clone arcadia:sbmlid="Mad1_CMad2" arcadia:x="70" arcadia:y="-155"/>
              <arcadia:clone arcadia:sbmlid="OMad2" arcadia:x="215" arcadia:y="-50"/>
              <arcadia:clone arcadia:sbmlid="Mad1_CMad2_OMad2" arcadia:x="68" arcadia:y="-316"/>
              <arcadia:clone arcadia:sbmlid="Cdc20_CMad2" arcadia:x="-101" arcadia:y="-52"/>
              <arcadia:clone arcadia:sbmlid="Bub3_BubR1" arcadia:x="-174" arcadia:y="12"/>
              <arcadia:clone arcadia:sbmlid="MCC" arcadia:x="-27" arcadia:y="13"/>
              <arcadia:clone arcadia:sbmlid="Bub3_BubR1_Cdc20" arcadia:x="-58" arcadia:y="72"/>
              <arcadia:clone arcadia:sbmlid="R1" arcadia:x="86" arcadia:y="-237"/>
              <arcadia:clone arcadia:sbmlid="R4" arcadia:x="-88" arcadia:y="14"/>
              <arcadia:container arcadia:strategy="Clone">
                <arcadia:clone arcadia:sbmlid="R2" arcadia:x="53" arcadia:y="-237" arcadia:iscore="iscore"/>
                <arcadia:clone arcadia:sbmlid="Cdc20" arcadia:x="22" arcadia:y="-276">
                  <arcadia:neighbour arcadia:sbmlid="R2" relationship="Reactant"/>
                </arcadia:clone>
              </arcadia:container>
              <arcadia:container arcadia:strategy="Clone">
                <arcadia:clone arcadia:sbmlid="R3" arcadia:x="66" arcadia:y="-42" arcadia:iscore="iscore"/>
                <arcadia:clone arcadia:sbmlid="Cdc20" arcadia:x="77" arcadia:y="-3">
                  <arcadia:neighbour arcadia:sbmlid="R3" relationship="Product"/>
                </arcadia:clone>
              </arcadia:container>
              <arcadia:container arcadia:strategy="Clone">
                <arcadia:clone arcadia:sbmlid="R5" arcadia:x="-162" arcadia:y="74" arcadia:iscore="iscore"/>
                <arcadia:clone arcadia:sbmlid="Cdc20" arcadia:x="-222" arcadia:y="74">
                  <arcadia:neighbour arcadia:sbmlid="R5" relationship="Reactant"/>
                </arcadia:clone>
              </arcadia:container>
              <arcadia:container arcadia:strategy="Clone">
                <arcadia:clone arcadia:sbmlid="R6" arcadia:x="66" arcadia:y="-70" arcadia:iscore="iscore"/>
                <arcadia:clone arcadia:sbmlid="Cdc20" arcadia:x="78" arcadia:y="-98">
                  <arcadia:neighbour arcadia:sbmlid="R6" relationship="Reactant"/>
                </arcadia:clone>
              </arcadia:container>
            </arcadia:container>
          </arcadia:container>
        </arcadia:layout>
      </arcadia:listoflayouts>
      <rdf:RDF xmlns:rdf="http://www.w3.org/1999/02/22-rdf-syntax-ns#" xmlns:dc="http://purl.org/dc/elements/1.1/" xmlns:dcterms="http://purl.org/dc/terms/" xmlns:vCard="http://www.w3.org/2001/vcard-rdf/3.0#" xmlns:bqbiol="http://biomodels.net/biology-qualifiers/" xmlns:bqmodel="http://biomodels.net/model-qualifiers/">
        <rdf:Description rdf:about="#metaid_0000002">
          <dc:creator rdf:parseType="Resource">
            <rdf:Bag>
              <rdf:li rdf:parseType="Resource">
                <vCard:N rdf:parseType="Resource">
                  <vCard:Family>Endler</vCard:Family>
                  <vCard:Given>Lukas</vCard:Given>
                </vCard:N>
                <vCard:EMAIL>lukas@ebi.ac.uk</vCard:EMAIL>
                <vCard:ORG>
                  <vCard:Orgname>EMBL-EBI</vCard:Orgname>
                </vCard:ORG>
              </rdf:li>
              <rdf:li rdf:parseType="Resource">
                <vCard:N rdf:parseType="Resource">
                  <vCard:Family>Schmitt</vCard:Family>
                  <vCard:Given>Eberhard</vCard:Given>
                </vCard:N>
                <vCard:EMAIL>eschmitt@fli-leibniz.de</vCard:EMAIL>
                <vCard:ORG>
                  <vCard:Orgname>Fritz Lipmann Institute, Jena, Germany</vCard:Orgname>
                </vCard:ORG>
              </rdf:li>
              <rdf:li rdf:parseType="Resource">
                <vCard:N rdf:parseType="Resource">
                  <vCard:Family>Dittrich</vCard:Family>
                  <vCard:Given>Peter</vCard:Given>
                </vCard:N>
                <vCard:EMAIL>ditrich@minet.uni-jena.de</vCard:EMAIL>
                <vCard:ORG>
                  <vCard:Orgname>Friedrich-Schiller-University Jena, Germany</vCard:Orgname>
                </vCard:ORG>
              </rdf:li>
              <rdf:li rdf:parseType="Resource">
                <vCard:N rdf:parseType="Resource">
                  <vCard:Family>Diekmann</vCard:Family>
                  <vCard:Given>Stephan</vCard:Given>
                </vCard:N>
                <vCard:EMAIL>diekmann@fli-leibniz.de</vCard:EMAIL>
                <vCard:ORG>
                  <vCard:Orgname>Fritz Lipmann Institute, Jena, Germany</vCard:Orgname>
                </vCard:ORG>
              </rdf:li>
              <rdf:li rdf:parseType="Resource">
                <vCard:N rdf:parseType="Resource">
                  <vCard:Family>Ibrahim</vCard:Family>
                  <vCard:Given>Bashar</vCard:Given>
                </vCard:N>
                <vCard:EMAIL>b.ibrahim@dkfz.de</vCard:EMAIL>
                <vCard:ORG>
                  <vCard:Orgname>German Cancer Research Center, Heidelberg</vCard:Orgname>
                </vCard:ORG>
              </rdf:li>
            </rdf:Bag>
          </dc:creator>
          <dcterms:created rdf:parseType="Resource">
            <dcterms:W3CDTF>2008-11-27T10:56:41Z</dcterms:W3CDTF>
          </dcterms:created>
          <dcterms:modified rdf:parseType="Resource">
            <dcterms:W3CDTF>2009-03-16T14:42:06Z</dcterms:W3CDTF>
          </dcterms:modified>
          <bqmodel:is>
            <rdf:Bag>
              <rdf:li rdf:resource="urn:miriam:biomodels.db:BIOMD0000000193"/>
            </rdf:Bag>
          </bqmodel:is>
          <bqmodel:isDescribedBy>
            <rdf:Bag>
              <rdf:li rdf:resource="urn:miriam:pubmed:18675311"/>
            </rdf:Bag>
          </bqmodel:isDescribedBy>
          <bqbiol:isVersionOf>
            <rdf:Bag>
              <rdf:li rdf:resource="urn:miriam:reactome:REACT_2137.2"/>
              <rdf:li rdf:resource="urn:miriam:obo.go:GO%3A0007094"/>
            </rdf:Bag>
          </bqbiol:isVersionOf>
          <bqbiol:isPartOf>
            <rdf:Bag>
              <rdf:li rdf:resource="urn:miriam:kegg.pathway:hsa04110"/>
            </rdf:Bag>
          </bqbiol:isPartOf>
          <bqbiol:occursIn>
            <rdf:Bag>
              <rdf:li rdf:resource="urn:miriam:taxonomy:9606"/>
            </rdf:Bag>
          </bqbiol:occursIn>
        </rdf:Description>
      </rdf:RDF>
      <listOfLayouts xmlns="http://projects.eml.org/bcb/sbml/level2" xmlns:xsi="http://www.w3.org/2001/XMLSchema-instance">
        <layout id="Arcadia_Layout_0">
          <dimensions width="615" height="569"/>
          <listOfCompartmentGlyphs>
            <compartmentGlyph id="CG_0" compartment="Cytoplasm">
              <boundingBox id="bbc_0">
                <position x="21" y="21"/>
                <dimensions width="573" height="527"/>
              </boundingBox>
            </compartmentGlyph>
          </listOfCompartmentGlyphs>
          <listOfSpeciesGlyphs>
            <speciesGlyph id="SG_0_0" species="Mad1_CMad2">
              <boundingBox id="bbs_0_0">
                <position x="331" y="233"/>
                <dimensions width="106" height="44"/>
              </boundingBox>
            </speciesGlyph>
            <speciesGlyph id="SG_1_0" species="OMad2">
              <boundingBox id="bbs_1_0">
                <position x="495" y="338"/>
                <dimensions width="69" height="44"/>
              </boundingBox>
            </speciesGlyph>
            <speciesGlyph id="SG_2_0" species="Mad1_CMad2_OMad2">
              <boundingBox id="bbs_2_0">
                <position x="299" y="72"/>
                <dimensions width="166" height="44"/>
              </boundingBox>
            </speciesGlyph>
            <speciesGlyph id="SG_3_0" species="Cdc20">
              <boundingBox id="bbs_3_0">
                <position x="312" y="118"/>
                <dimensions width="49" height="32"/>
              </boundingBox>
            </speciesGlyph>
            <speciesGlyph id="SG_3_1" species="Cdc20">
              <boundingBox id="bbs_3_1">
                <position x="367" y="391"/>
                <dimensions width="49" height="32"/>
              </boundingBox>
            </speciesGlyph>
            <speciesGlyph id="SG_3_2" species="Cdc20">
              <boundingBox id="bbs_3_2">
                <position x="68" y="468"/>
                <dimensions width="49" height="32"/>
              </boundingBox>
            </speciesGlyph>
            <speciesGlyph id="SG_3_3" species="Cdc20">
              <boundingBox id="bbs_3_3">
                <position x="368" y="296"/>
                <dimensions width="49" height="32"/>
              </boundingBox>
            </speciesGlyph>
            <speciesGlyph id="SG_4_0" species="Cdc20_CMad2">
              <boundingBox id="bbs_4_0">
                <position x="156" y="336"/>
                <dimensions width="114" height="44"/>
              </boundingBox>
            </speciesGlyph>
            <speciesGlyph id="SG_5_0" species="Bub3_BubR1">
              <boundingBox id="bbs_5_0">
                <position x="91" y="400"/>
                <dimensions width="99" height="44"/>
              </boundingBox>
            </speciesGlyph>
            <speciesGlyph id="SG_6_0" species="MCC">
              <boundingBox id="bbs_6_0">
                <position x="264" y="401"/>
                <dimensions width="46" height="44"/>
              </boundingBox>
            </speciesGlyph>
            <speciesGlyph id="SG_7_0" species="Bub3_BubR1_Cdc20">
              <boundingBox id="bbs_7_0">
                <position x="184" y="460"/>
                <dimensions width="144" height="44"/>
              </boundingBox>
            </speciesGlyph>
          </listOfSpeciesGlyphs>
          <listOfReactionGlyphs>
            <reactionGlyph id="RG_0" reaction="R1">
              <curve>
                <listOfCurveSegments>
                  <curveSegment xsi:type="LineSegment">
                    <start x="400" y="173"/>
                    <end x="400" y="173"/>
                  </curveSegment>
                </listOfCurveSegments>
              </curve>
              <listOfSpeciesReferenceGlyphs>
                <speciesReferenceGlyph id="SR_0_0" speciesGlyph="SG_0_0" role="substrate">
                  <curve>
                    <listOfCurveSegments>
                      <curveSegment xsi:type="LineSegment">
                        <start x="389" y="233"/>
                        <end x="400" y="185"/>
                      </curveSegment>
                      <curveSegment xsi:type="LineSegment">
                        <start x="400" y="185"/>
                        <end x="400" y="173"/>
                      </curveSegment>
                    </listOfCurveSegments>
                  </curve>
                </speciesReferenceGlyph>
                <speciesReferenceGlyph id="SR_0_1" speciesGlyph="SG_1_0" role="substrate">
                  <curve>
                    <listOfCurveSegments>
                      <curveSegment xsi:type="LineSegment">
                        <start x="512" y="338"/>
                        <end x="400" y="185"/>
                      </curveSegment>
                      <curveSegment xsi:type="LineSegment">
                        <start x="400" y="185"/>
                        <end x="400" y="173"/>
                      </curveSegment>
                    </listOfCurveSegments>
                  </curve>
                </speciesReferenceGlyph>
                <speciesReferenceGlyph id="SR_0_2" speciesGlyph="SG_2_0" role="product">
                  <curve>
                    <listOfCurveSegments>
                      <curveSegment xsi:type="LineSegment">
                        <start x="400" y="173"/>
                        <end x="400" y="161"/>
                      </curveSegment>
                      <curveSegment xsi:type="LineSegment">
                        <start x="400" y="161"/>
                        <end x="387" y="116"/>
                      </curveSegment>
                    </listOfCurveSegments>
                  </curve>
                </speciesReferenceGlyph>
              </listOfSpeciesReferenceGlyphs>
            </reactionGlyph>
            <reactionGlyph id="RG_1" reaction="R2">
              <curve>
                <listOfCurveSegments>
                  <curveSegment xsi:type="LineSegment">
                    <start x="367" y="173"/>
                    <end x="367" y="173"/>
                  </curveSegment>
                </listOfCurveSegments>
              </curve>
              <listOfSpeciesReferenceGlyphs>
                <speciesReferenceGlyph id="SR_1_0" speciesGlyph="SG_2_0" role="substrate">
                  <curve>
                    <listOfCurveSegments>
                      <curveSegment xsi:type="LineSegment">
                        <start x="377" y="116"/>
                        <end x="367" y="161"/>
                      </curveSegment>
                      <curveSegment xsi:type="LineSegment">
                        <start x="367" y="161"/>
                        <end x="367" y="173"/>
                      </curveSegment>
                    </listOfCurveSegments>
                  </curve>
                </speciesReferenceGlyph>
                <speciesReferenceGlyph id="SR_1_1" speciesGlyph="SG_3_0" role="substrate">
                  <curve>
                    <listOfCurveSegments>
                      <curveSegment xsi:type="LineSegment">
                        <start x="353" y="150"/>
                        <end x="367" y="161"/>
                      </curveSegment>
                      <curveSegment xsi:type="LineSegment">
                        <start x="367" y="161"/>
                        <end x="367" y="173"/>
                      </curveSegment>
                    </listOfCurveSegments>
                  </curve>
                </speciesReferenceGlyph>
                <speciesReferenceGlyph id="SR_1_2" speciesGlyph="SG_0_0" role="product">
                  <curve>
                    <listOfCurveSegments>
                      <curveSegment xsi:type="LineSegment">
                        <start x="367" y="173"/>
                        <end x="367" y="185"/>
                      </curveSegment>
                      <curveSegment xsi:type="LineSegment">
                        <start x="367" y="185"/>
                        <end x="378" y="233"/>
                      </curveSegment>
                    </listOfCurveSegments>
                  </curve>
                </speciesReferenceGlyph>
                <speciesReferenceGlyph id="SR_1_3" speciesGlyph="SG_4_0" role="product">
                  <curve>
                    <listOfCurveSegments>
                      <curveSegment xsi:type="LineSegment">
                        <start x="367" y="173"/>
                        <end x="367" y="185"/>
                      </curveSegment>
                      <curveSegment xsi:type="LineSegment">
                        <start x="367" y="185"/>
                        <end x="233" y="336"/>
                      </curveSegment>
                    </listOfCurveSegments>
                  </curve>
                </speciesReferenceGlyph>
              </listOfSpeciesReferenceGlyphs>
            </reactionGlyph>
            <reactionGlyph id="RG_2" reaction="R3">
              <curve>
                <listOfCurveSegments>
                  <curveSegment xsi:type="LineSegment">
                    <start x="380" y="368"/>
                    <end x="380" y="368"/>
                  </curveSegment>
                </listOfCurveSegments>
              </curve>
              <listOfSpeciesReferenceGlyphs>
                <speciesReferenceGlyph id="SR_2_0" speciesGlyph="SG_4_0" role="substrate">
                  <curve>
                    <listOfCurveSegments>
                      <curveSegment xsi:type="LineSegment">
                        <start x="270" y="362"/>
                        <end x="368" y="368"/>
                      </curveSegment>
                      <curveSegment xsi:type="LineSegment">
                        <start x="368" y="368"/>
                        <end x="380" y="368"/>
                      </curveSegment>
                    </listOfCurveSegments>
                  </curve>
                </speciesReferenceGlyph>
                <speciesReferenceGlyph id="SR_2_1" speciesGlyph="SG_3_1" role="product">
                  <curve>
                    <listOfCurveSegments>
                      <curveSegment xsi:type="LineSegment">
                        <start x="380" y="368"/>
                        <end x="392" y="368"/>
                      </curveSegment>
                      <curveSegment xsi:type="LineSegment">
                        <start x="392" y="368"/>
                        <end x="391" y="391"/>
                      </curveSegment>
                    </listOfCurveSegments>
                  </curve>
                </speciesReferenceGlyph>
                <speciesReferenceGlyph id="SR_2_2" speciesGlyph="SG_1_0" role="product">
                  <curve>
                    <listOfCurveSegments>
                      <curveSegment xsi:type="LineSegment">
                        <start x="380" y="368"/>
                        <end x="392" y="368"/>
                      </curveSegment>
                      <curveSegment xsi:type="LineSegment">
                        <start x="392" y="368"/>
                        <end x="495" y="362"/>
                      </curveSegment>
                    </listOfCurveSegments>
                  </curve>
                </speciesReferenceGlyph>
              </listOfSpeciesReferenceGlyphs>
            </reactionGlyph>
            <reactionGlyph id="RG_3" reaction="R4">
              <curve>
                <listOfCurveSegments>
                  <curveSegment xsi:type="LineSegment">
                    <start x="226" y="424"/>
                    <end x="226" y="424"/>
                  </curveSegment>
                </listOfCurveSegments>
              </curve>
              <listOfSpeciesReferenceGlyphs>
                <speciesReferenceGlyph id="SR_3_0" speciesGlyph="SG_4_0" role="substrate">
                  <curve>
                    <listOfCurveSegments>
                      <curveSegment xsi:type="LineSegment">
                        <start x="214" y="380"/>
                        <end x="214" y="424"/>
                      </curveSegment>
                      <curveSegment xsi:type="LineSegment">
                        <start x="214" y="424"/>
                        <end x="226" y="424"/>
                      </curveSegment>
                    </listOfCurveSegments>
                  </curve>
                </speciesReferenceGlyph>
                <speciesReferenceGlyph id="SR_3_1" speciesGlyph="SG_5_0" role="substrate">
                  <curve>
                    <listOfCurveSegments>
                      <curveSegment xsi:type="LineSegment">
                        <start x="189" y="423"/>
                        <end x="214" y="424"/>
                      </curveSegment>
                      <curveSegment xsi:type="LineSegment">
                        <start x="214" y="424"/>
                        <end x="226" y="424"/>
                      </curveSegment>
                    </listOfCurveSegments>
                  </curve>
                </speciesReferenceGlyph>
                <speciesReferenceGlyph id="SR_3_2" speciesGlyph="SG_6_0" role="product">
                  <curve>
                    <listOfCurveSegments>
                      <curveSegment xsi:type="LineSegment">
                        <start x="226" y="424"/>
                        <end x="238" y="424"/>
                      </curveSegment>
                      <curveSegment xsi:type="LineSegment">
                        <start x="238" y="424"/>
                        <end x="264" y="423"/>
                      </curveSegment>
                    </listOfCurveSegments>
                  </curve>
                </speciesReferenceGlyph>
              </listOfSpeciesReferenceGlyphs>
            </reactionGlyph>
            <reactionGlyph id="RG_4" reaction="R5">
              <curve>
                <listOfCurveSegments>
                  <curveSegment xsi:type="LineSegment">
                    <start x="152" y="484"/>
                    <end x="152" y="484"/>
                  </curveSegment>
                </listOfCurveSegments>
              </curve>
              <listOfSpeciesReferenceGlyphs>
                <speciesReferenceGlyph id="SR_4_0" speciesGlyph="SG_5_0" role="substrate">
                  <curve>
                    <listOfCurveSegments>
                      <curveSegment xsi:type="LineSegment">
                        <start x="140" y="444"/>
                        <end x="140" y="484"/>
                      </curveSegment>
                      <curveSegment xsi:type="LineSegment">
                        <start x="140" y="484"/>
                        <end x="152" y="484"/>
                      </curveSegment>
                    </listOfCurveSegments>
                  </curve>
                </speciesReferenceGlyph>
                <speciesReferenceGlyph id="SR_4_1" speciesGlyph="SG_3_2" role="substrate">
                  <curve>
                    <listOfCurveSegments>
                      <curveSegment xsi:type="LineSegment">
                        <start x="116" y="484"/>
                        <end x="140" y="484"/>
                      </curveSegment>
                      <curveSegment xsi:type="LineSegment">
                        <start x="140" y="484"/>
                        <end x="152" y="484"/>
                      </curveSegment>
                    </listOfCurveSegments>
                  </curve>
                </speciesReferenceGlyph>
                <speciesReferenceGlyph id="SR_4_2" speciesGlyph="SG_7_0" role="product">
                  <curve>
                    <listOfCurveSegments>
                      <curveSegment xsi:type="LineSegment">
                        <start x="152" y="484"/>
                        <end x="164" y="484"/>
                      </curveSegment>
                      <curveSegment xsi:type="LineSegment">
                        <start x="164" y="484"/>
                        <end x="184" y="483"/>
                      </curveSegment>
                    </listOfCurveSegments>
                  </curve>
                </speciesReferenceGlyph>
              </listOfSpeciesReferenceGlyphs>
            </reactionGlyph>
            <reactionGlyph id="RG_5" reaction="R6">
              <curve>
                <listOfCurveSegments>
                  <curveSegment xsi:type="LineSegment">
                    <start x="380" y="340"/>
                    <end x="380" y="340"/>
                  </curveSegment>
                </listOfCurveSegments>
              </curve>
              <listOfSpeciesReferenceGlyphs>
                <speciesReferenceGlyph id="SR_5_0" speciesGlyph="SG_1_0" role="substrate">
                  <curve>
                    <listOfCurveSegments>
                      <curveSegment xsi:type="LineSegment">
                        <start x="495" y="356"/>
                        <end x="392" y="340"/>
                      </curveSegment>
                      <curveSegment xsi:type="LineSegment">
                        <start x="392" y="340"/>
                        <end x="380" y="340"/>
                      </curveSegment>
                    </listOfCurveSegments>
                  </curve>
                </speciesReferenceGlyph>
                <speciesReferenceGlyph id="SR_5_1" speciesGlyph="SG_3_3" role="substrate">
                  <curve>
                    <listOfCurveSegments>
                      <curveSegment xsi:type="LineSegment">
                        <start x="392" y="328"/>
                        <end x="392" y="340"/>
                      </curveSegment>
                      <curveSegment xsi:type="LineSegment">
                        <start x="392" y="340"/>
                        <end x="380" y="340"/>
                      </curveSegment>
                    </listOfCurveSegments>
                  </curve>
                </speciesReferenceGlyph>
                <speciesReferenceGlyph id="SR_5_2" speciesGlyph="SG_4_0" role="product">
                  <curve>
                    <listOfCurveSegments>
                      <curveSegment xsi:type="LineSegment">
                        <start x="380" y="340"/>
                        <end x="368" y="340"/>
                      </curveSegment>
                      <curveSegment xsi:type="LineSegment">
                        <start x="368" y="340"/>
                        <end x="270" y="352"/>
                      </curveSegment>
                    </listOfCurveSegments>
                  </curve>
                </speciesReferenceGlyph>
              </listOfSpeciesReferenceGlyphs>
            </reactionGlyph>
          </listOfReactionGlyphs>
          <listOfTextGlyphs>
            <textGlyph id="TGS_0_0" graphicalObject="SG_0_0" originOfText="Mad1_CMad2">
              <boundingBox id="bbs_0_0">
                <position x="331" y="233"/>
                <dimensions width="106" height="44"/>
              </boundingBox>
            </textGlyph>
            <textGlyph id="TGS_1_0" graphicalObject="SG_1_0" originOfText="OMad2">
              <boundingBox id="bbs_1_0">
                <position x="495" y="338"/>
                <dimensions width="69" height="44"/>
              </boundingBox>
            </textGlyph>
            <textGlyph id="TGS_2_0" graphicalObject="SG_2_0" originOfText="Mad1_CMad2_OMad2">
              <boundingBox id="bbs_2_0">
                <position x="299" y="72"/>
                <dimensions width="166" height="44"/>
              </boundingBox>
            </textGlyph>
            <textGlyph id="TGS_3_0" graphicalObject="SG_3_0" originOfText="Cdc20">
              <boundingBox id="bbs_3_0">
                <position x="312" y="118"/>
                <dimensions width="49" height="32"/>
              </boundingBox>
            </textGlyph>
            <textGlyph id="TGS_3_1" graphicalObject="SG_3_1" originOfText="Cdc20">
              <boundingBox id="bbs_3_1">
                <position x="367" y="391"/>
                <dimensions width="49" height="32"/>
              </boundingBox>
            </textGlyph>
            <textGlyph id="TGS_3_2" graphicalObject="SG_3_2" originOfText="Cdc20">
              <boundingBox id="bbs_3_2">
                <position x="68" y="468"/>
                <dimensions width="49" height="32"/>
              </boundingBox>
            </textGlyph>
            <textGlyph id="TGS_3_3" graphicalObject="SG_3_3" originOfText="Cdc20">
              <boundingBox id="bbs_3_3">
                <position x="368" y="296"/>
                <dimensions width="49" height="32"/>
              </boundingBox>
            </textGlyph>
            <textGlyph id="TGS_4_0" graphicalObject="SG_4_0" originOfText="Cdc20_CMad2">
              <boundingBox id="bbs_4_0">
                <position x="156" y="336"/>
                <dimensions width="114" height="44"/>
              </boundingBox>
            </textGlyph>
            <textGlyph id="TGS_5_0" graphicalObject="SG_5_0" originOfText="Bub3_BubR1">
              <boundingBox id="bbs_5_0">
                <position x="91" y="400"/>
                <dimensions width="99" height="44"/>
              </boundingBox>
            </textGlyph>
            <textGlyph id="TGS_6_0" graphicalObject="SG_6_0" originOfText="MCC">
              <boundingBox id="bbs_6_0">
                <position x="264" y="401"/>
                <dimensions width="46" height="44"/>
              </boundingBox>
            </textGlyph>
            <textGlyph id="TGS_7_0" graphicalObject="SG_7_0" originOfText="Bub3_BubR1_Cdc20">
              <boundingBox id="bbs_7_0">
                <position x="184" y="460"/>
                <dimensions width="144" height="44"/>
              </boundingBox>
            </textGlyph>
            <textGlyph id="TGC_0" graphicalObject="CG_0" originOfText="Cytoplasm">
              <boundingBox id="bbl_0">
                <position x="33" y="33"/>
                <dimensions width="67" height="20"/>
              </boundingBox>
            </textGlyph>
          </listOfTextGlyphs>
        </layout>
      </listOfLayouts>
    </annotation>
    <listOfUnitDefinitions>
      <unitDefinition metaid="metaid_0000042" id="ps" name="per second">
        <listOfUnits>
          <unit kind="second" exponent="-1"/>
        </listOfUnits>
      </unitDefinition>
      <unitDefinition metaid="metaid_0000043" id="pMps" name="liter per mole per second">
        <listOfUnits>
          <unit kind="litre"/>
          <unit kind="mole" exponent="-1"/>
          <unit kind="second" exponent="-1"/>
        </listOfUnits>
      </unitDefinition>
    </listOfUnitDefinitions>
    <listOfCompartments>
      <compartment metaid="metaid_0000014" id="Cytoplasm" name="Cytoplasm" size="1">
        <annotation>
          <rdf:RDF xmlns:rdf="http://www.w3.org/1999/02/22-rdf-syntax-ns#" xmlns:dc="http://purl.org/dc/elements/1.1/" xmlns:dcterms="http://purl.org/dc/terms/" xmlns:vCard="http://www.w3.org/2001/vcard-rdf/3.0#" xmlns:bqbiol="http://biomodels.net/biology-qualifiers/" xmlns:bqmodel="http://biomodels.net/model-qualifiers/">
            <rdf:Description rdf:about="#metaid_0000014">
              <bqbiol:is>
                <rdf:Bag>
                  <rdf:li rdf:resource="urn:miriam:obo.go:GO%3A0005737"/>
                </rdf:Bag>
              </bqbiol:is>
            </rdf:Description>
          </rdf:RDF>
        </annotation>
      </compartment>
    </listOfCompartments>
    <listOfSpecies>
      <species metaid="metaid_0000015" id="Mad1_CMad2" name="Mad1:C-Mad2" compartment="Cytoplasm" initialConcentration="5e-08" substanceUnits="mole" sboTerm="SBO:0000297">
        <annotation>
          <rdf:RDF xmlns:rdf="http://www.w3.org/1999/02/22-rdf-syntax-ns#" xmlns:dc="http://purl.org/dc/elements/1.1/" xmlns:dcterms="http://purl.org/dc/terms/" xmlns:vCard="http://www.w3.org/2001/vcard-rdf/3.0#" xmlns:bqbiol="http://biomodels.net/biology-qualifiers/" xmlns:bqmodel="http://biomodels.net/model-qualifiers/">
            <rdf:Description rdf:about="#metaid_0000015">
              <bqbiol:hasPart>
                <rdf:Bag>
                  <rdf:li rdf:resource="urn:miriam:uniprot:Q9Y6D9"/>
                  <rdf:li rdf:resource="urn:miriam:uniprot:Q13257"/>
                </rdf:Bag>
              </bqbiol:hasPart>
            </rdf:Description>
          </rdf:RDF>
        </annotation>
      </species>
      <species metaid="metaid_0000016" id="OMad2" name="O-Mad2" compartment="Cytoplasm" initialConcentration="1.3e-07" substanceUnits="mole">
        <notes>
          <p xmlns="http://www.w3.org/1999/xhtml">Open conformation of Mad2</p>
        </notes>
        <annotation>
          <rdf:RDF xmlns:rdf="http://www.w3.org/1999/02/22-rdf-syntax-ns#" xmlns:dc="http://purl.org/dc/elements/1.1/" xmlns:dcterms="http://purl.org/dc/terms/" xmlns:vCard="http://www.w3.org/2001/vcard-rdf/3.0#" xmlns:bqbiol="http://biomodels.net/biology-qualifiers/" xmlns:bqmodel="http://biomodels.net/model-qualifiers/">
            <rdf:Description rdf:about="#metaid_0000016">
              <bqbiol:isVersionOf>
                <rdf:Bag>
                  <rdf:li rdf:resource="urn:miriam:uniprot:Q13257"/>
                </rdf:Bag>
              </bqbiol:isVersionOf>
            </rdf:Description>
          </rdf:RDF>
        </annotation>
      </species>
      <species metaid="metaid_0000017" id="Mad1_CMad2_OMad2" name="Mad1:C-Mad2:O-Mad2*" compartment="Cytoplasm" initialConcentration="0" substanceUnits="mole" sboTerm="SBO:0000297">
        <annotation>
          <rdf:RDF xmlns:rdf="http://www.w3.org/1999/02/22-rdf-syntax-ns#" xmlns:dc="http://purl.org/dc/elements/1.1/" xmlns:dcterms="http://purl.org/dc/terms/" xmlns:vCard="http://www.w3.org/2001/vcard-rdf/3.0#" xmlns:bqbiol="http://biomodels.net/biology-qualifiers/" xmlns:bqmodel="http://biomodels.net/model-qualifiers/">
            <rdf:Description rdf:about="#metaid_0000017">
              <bqbiol:hasPart>
                <rdf:Bag>
                  <rdf:li rdf:resource="urn:miriam:uniprot:Q9Y6D9"/>
                  <rdf:li rdf:resource="urn:miriam:uniprot:Q13257"/>
                </rdf:Bag>
              </bqbiol:hasPart>
            </rdf:Description>
          </rdf:RDF>
        </annotation>
      </species>
      <species metaid="metaid_0000018" id="Cdc20" name="Cdc20" compartment="Cytoplasm" initialConcentration="2.2e-07" substanceUnits="mole">
        <annotation>
          <rdf:RDF xmlns:rdf="http://www.w3.org/1999/02/22-rdf-syntax-ns#" xmlns:dc="http://purl.org/dc/elements/1.1/" xmlns:dcterms="http://purl.org/dc/terms/" xmlns:vCard="http://www.w3.org/2001/vcard-rdf/3.0#" xmlns:bqbiol="http://biomodels.net/biology-qualifiers/" xmlns:bqmodel="http://biomodels.net/model-qualifiers/">
            <rdf:Description rdf:about="#metaid_0000018">
              <bqbiol:isVersionOf>
                <rdf:Bag>
                  <rdf:li rdf:resource="urn:miriam:uniprot:Q12834"/>
                </rdf:Bag>
              </bqbiol:isVersionOf>
            </rdf:Description>
          </rdf:RDF>
        </annotation>
      </species>
      <species metaid="metaid_0000019" id="Cdc20_CMad2" name="Cdc20:C-Mad2" compartment="Cytoplasm" initialConcentration="0" substanceUnits="mole" sboTerm="SBO:0000297">
        <annotation>
          <rdf:RDF xmlns:rdf="http://www.w3.org/1999/02/22-rdf-syntax-ns#" xmlns:dc="http://purl.org/dc/elements/1.1/" xmlns:dcterms="http://purl.org/dc/terms/" xmlns:vCard="http://www.w3.org/2001/vcard-rdf/3.0#" xmlns:bqbiol="http://biomodels.net/biology-qualifiers/" xmlns:bqmodel="http://biomodels.net/model-qualifiers/">
            <rdf:Description rdf:about="#metaid_0000019">
              <bqbiol:hasPart>
                <rdf:Bag>
                  <rdf:li rdf:resource="urn:miriam:uniprot:Q12834"/>
                  <rdf:li rdf:resource="urn:miriam:uniprot:Q13257"/>
                </rdf:Bag>
              </bqbiol:hasPart>
            </rdf:Description>
          </rdf:RDF>
        </annotation>
      </species>
      <species metaid="metaid_0000020" id="Bub3_BubR1" name="Bub3:BubR1" compartment="Cytoplasm" initialConcentration="1.3e-07" substanceUnits="mole" sboTerm="SBO:0000297">
        <annotation>
          <rdf:RDF xmlns:rdf="http://www.w3.org/1999/02/22-rdf-syntax-ns#" xmlns:dc="http://purl.org/dc/elements/1.1/" xmlns:dcterms="http://purl.org/dc/terms/" xmlns:vCard="http://www.w3.org/2001/vcard-rdf/3.0#" xmlns:bqbiol="http://biomodels.net/biology-qualifiers/" xmlns:bqmodel="http://biomodels.net/model-qualifiers/">
            <rdf:Description rdf:about="#metaid_0000020">
              <bqbiol:hasPart>
                <rdf:Bag>
                  <rdf:li rdf:resource="urn:miriam:uniprot:O60566"/>
                  <rdf:li rdf:resource="urn:miriam:uniprot:O43684"/>
                </rdf:Bag>
              </bqbiol:hasPart>
            </rdf:Description>
          </rdf:RDF>
        </annotation>
      </species>
      <species metaid="metaid_0000021" id="MCC" name="MCC" compartment="Cytoplasm" initialConcentration="0" substanceUnits="mole" sboTerm="SBO:0000297">
        <annotation>
          <rdf:RDF xmlns:rdf="http://www.w3.org/1999/02/22-rdf-syntax-ns#" xmlns:dc="http://purl.org/dc/elements/1.1/" xmlns:dcterms="http://purl.org/dc/terms/" xmlns:vCard="http://www.w3.org/2001/vcard-rdf/3.0#" xmlns:bqbiol="http://biomodels.net/biology-qualifiers/" xmlns:bqmodel="http://biomodels.net/model-qualifiers/">
            <rdf:Description rdf:about="#metaid_0000021">
              <bqbiol:hasPart>
                <rdf:Bag>
                  <rdf:li rdf:resource="urn:miriam:uniprot:O43684"/>
                  <rdf:li rdf:resource="urn:miriam:uniprot:Q12834"/>
                  <rdf:li rdf:resource="urn:miriam:uniprot:Q13257"/>
                  <rdf:li rdf:resource="urn:miriam:uniprot:O60566"/>
                </rdf:Bag>
              </bqbiol:hasPart>
              <bqbiol:isVersionOf>
                <rdf:Bag>
                  <rdf:li rdf:resource="urn:miriam:obo.go:GO%3A0033597"/>
                </rdf:Bag>
              </bqbiol:isVersionOf>
            </rdf:Description>
          </rdf:RDF>
        </annotation>
      </species>
      <species metaid="metaid_0000022" id="Bub3_BubR1_Cdc20" name="Bub3:BubR1:Cdc20" compartment="Cytoplasm" initialConcentration="0" substanceUnits="mole" sboTerm="SBO:0000297">
        <annotation>
          <rdf:RDF xmlns:rdf="http://www.w3.org/1999/02/22-rdf-syntax-ns#" xmlns:dc="http://purl.org/dc/elements/1.1/" xmlns:dcterms="http://purl.org/dc/terms/" xmlns:vCard="http://www.w3.org/2001/vcard-rdf/3.0#" xmlns:bqbiol="http://biomodels.net/biology-qualifiers/" xmlns:bqmodel="http://biomodels.net/model-qualifiers/">
            <rdf:Description rdf:about="#metaid_0000022">
              <bqbiol:hasPart>
                <rdf:Bag>
                  <rdf:li rdf:resource="urn:miriam:uniprot:O43684"/>
                  <rdf:li rdf:resource="urn:miriam:uniprot:O60566"/>
                  <rdf:li rdf:resource="urn:miriam:uniprot:Q12834"/>
                </rdf:Bag>
              </bqbiol:hasPart>
            </rdf:Description>
          </rdf:RDF>
        </annotation>
      </species>
    </listOfSpecies>
    <listOfParameters>
      <parameter metaid="metaid_0000003" id="k3f" value="0.01" units="ps" sboTerm="SBO:0000338"/>
      <parameter metaid="metaid_0000004" id="kf6" value="1000" units="pMps" sboTerm="SBO:0000339"/>
      <parameter metaid="metaid_0000005" id="k5f" value="10000" units="pMps" sboTerm="SBO:0000339"/>
      <parameter metaid="metaid_0000006" id="k5r" value="0.2" units="ps" sboTerm="SBO:0000038"/>
      <parameter metaid="metaid_0000008" id="k2f" value="10000000" units="pMps" sboTerm="SBO:0000339"/>
      <parameter metaid="metaid_0000009" id="k1f" value="200000" units="pMps" sboTerm="SBO:0000339"/>
      <parameter metaid="metaid_0000010" id="k1r" value="0.2" units="ps" sboTerm="SBO:0000338"/>
      <parameter metaid="metaid_0000011" id="k4f" value="10000000" units="pMps" sboTerm="SBO:0000339"/>
      <parameter metaid="metaid_0000012" id="k4r" value="0.02" units="ps" sboTerm="SBO:0000338"/>
      <parameter metaid="metaid_0000007" id="u" value="1" units="dimensionless" constant="false">
        <notes>
          <body xmlns="http://www.w3.org/1999/xhtml">
            <i>u = 1 : kinetochore unattached</i>
            <br/>
            <i>u = 0 : kinetochore attached</i>
          </body>
        </notes>
      </parameter>
      <parameter metaid="metaid_0000044" id="const_val_0" value="0" units="dimensionless"/>
      <parameter metaid="metaid_0000045" id="const_val_1" value="1" units="dimensionless"/>
    </listOfParameters>
    <listOfReactions>
      <reaction metaid="metaid_0000023" id="R1" sboTerm="SBO:0000177">
        <annotation>
          <rdf:RDF xmlns:rdf="http://www.w3.org/1999/02/22-rdf-syntax-ns#" xmlns:dc="http://purl.org/dc/elements/1.1/" xmlns:dcterms="http://purl.org/dc/terms/" xmlns:vCard="http://www.w3.org/2001/vcard-rdf/3.0#" xmlns:bqbiol="http://biomodels.net/biology-qualifiers/" xmlns:bqmodel="http://biomodels.net/model-qualifiers/">
            <rdf:Description rdf:about="#metaid_0000023">
              <bqbiol:isVersionOf>
                <rdf:Bag>
                  <rdf:li rdf:resource="urn:miriam:obo.go:GO%3A0006461"/>
                  <rdf:li rdf:resource="urn:miriam:obo.go:GO%3A0043241"/>
                  <rdf:li rdf:resource="urn:miriam:obo.go:GO%3A0032092"/>
                </rdf:Bag>
              </bqbiol:isVersionOf>
            </rdf:Description>
          </rdf:RDF>
        </annotation>
        <listOfReactants>
          <speciesReference sboTerm="SBO:0000336" species="Mad1_CMad2"/>
          <speciesReference sboTerm="SBO:0000336" species="OMad2"/>
        </listOfReactants>
        <listOfProducts>
          <speciesReference sboTerm="SBO:0000011" species="Mad1_CMad2_OMad2"/>
        </listOfProducts>
        <kineticLaw sboTerm="SBO:0000101">
          <math xmlns="http://www.w3.org/1998/Math/MathML">
            <apply>
              <times/>
              <ci> Cytoplasm </ci>
              <apply>
                <minus/>
                <apply>
                  <times/>
                  <ci> u </ci>
                  <ci> k1f </ci>
                  <ci> Mad1_CMad2 </ci>
                  <ci> OMad2 </ci>
                </apply>
                <apply>
                  <times/>
                  <ci> k1r </ci>
                  <ci> Mad1_CMad2_OMad2 </ci>
                </apply>
              </apply>
            </apply>
          </math>
        </kineticLaw>
      </reaction>
      <reaction metaid="metaid_0000024" id="R2" reversible="false" sboTerm="SBO:0000176">
        <annotation>
          <rdf:RDF xmlns:rdf="http://www.w3.org/1999/02/22-rdf-syntax-ns#" xmlns:dc="http://purl.org/dc/elements/1.1/" xmlns:dcterms="http://purl.org/dc/terms/" xmlns:vCard="http://www.w3.org/2001/vcard-rdf/3.0#" xmlns:bqbiol="http://biomodels.net/biology-qualifiers/" xmlns:bqmodel="http://biomodels.net/model-qualifiers/">
            <rdf:Description rdf:about="#metaid_0000024">
              <bqbiol:isVersionOf>
                <rdf:Bag>
                  <rdf:li rdf:resource="urn:miriam:obo.go:GO%3A0006461"/>
                  <rdf:li rdf:resource="urn:miriam:obo.go:GO%3A0032092"/>
                </rdf:Bag>
              </bqbiol:isVersionOf>
            </rdf:Description>
          </rdf:RDF>
        </annotation>
        <listOfReactants>
          <speciesReference sboTerm="SBO:0000336" species="Mad1_CMad2_OMad2"/>
          <speciesReference sboTerm="SBO:0000336" species="Cdc20"/>
        </listOfReactants>
        <listOfProducts>
          <speciesReference sboTerm="SBO:0000011" species="Mad1_CMad2"/>
          <speciesReference sboTerm="SBO:0000011" species="Cdc20_CMad2"/>
        </listOfProducts>
        <kineticLaw sboTerm="SBO:0000054">
          <math xmlns="http://www.w3.org/1998/Math/MathML">
            <apply>
              <times/>
              <ci> Cytoplasm </ci>
              <ci> u </ci>
              <ci> k2f </ci>
              <ci> Mad1_CMad2_OMad2 </ci>
              <ci> Cdc20 </ci>
            </apply>
          </math>
        </kineticLaw>
      </reaction>
      <reaction metaid="metaid_0000025" id="R3" reversible="false" sboTerm="SBO:0000180">
        <annotation>
          <rdf:RDF xmlns:rdf="http://www.w3.org/1999/02/22-rdf-syntax-ns#" xmlns:dc="http://purl.org/dc/elements/1.1/" xmlns:dcterms="http://purl.org/dc/terms/" xmlns:vCard="http://www.w3.org/2001/vcard-rdf/3.0#" xmlns:bqbiol="http://biomodels.net/biology-qualifiers/" xmlns:bqmodel="http://biomodels.net/model-qualifiers/">
            <rdf:Description rdf:about="#metaid_0000025">
              <bqbiol:isVersionOf>
                <rdf:Bag>
                  <rdf:li rdf:resource="urn:miriam:obo.go:GO%3A0043241"/>
                </rdf:Bag>
              </bqbiol:isVersionOf>
            </rdf:Description>
          </rdf:RDF>
        </annotation>
        <listOfReactants>
          <speciesReference sboTerm="SBO:0000010" species="Cdc20_CMad2"/>
        </listOfReactants>
        <listOfProducts>
          <speciesReference sboTerm="SBO:0000011" species="Cdc20"/>
          <speciesReference sboTerm="SBO:0000011" species="OMad2"/>
        </listOfProducts>
        <kineticLaw sboTerm="SBO:0000049">
          <math xmlns="http://www.w3.org/1998/Math/MathML">
            <apply>
              <times/>
              <ci> Cytoplasm </ci>
              <ci> k3f </ci>
              <ci> Cdc20_CMad2 </ci>
            </apply>
          </math>
        </kineticLaw>
      </reaction>
      <reaction metaid="metaid_0000026" id="R4" sboTerm="SBO:0000177">
        <annotation>
          <rdf:RDF xmlns:rdf="http://www.w3.org/1999/02/22-rdf-syntax-ns#" xmlns:dc="http://purl.org/dc/elements/1.1/" xmlns:dcterms="http://purl.org/dc/terms/" xmlns:vCard="http://www.w3.org/2001/vcard-rdf/3.0#" xmlns:bqbiol="http://biomodels.net/biology-qualifiers/" xmlns:bqmodel="http://biomodels.net/model-qualifiers/">
            <rdf:Description rdf:about="#metaid_0000026">
              <bqbiol:isVersionOf>
                <rdf:Bag>
                  <rdf:li rdf:resource="urn:miriam:reactome:REACT_36.2"/>
                  <rdf:li rdf:resource="urn:miriam:obo.go:GO%3A0043241"/>
                  <rdf:li rdf:resource="urn:miriam:obo.go:GO%3A0006461"/>
                </rdf:Bag>
              </bqbiol:isVersionOf>
            </rdf:Description>
          </rdf:RDF>
        </annotation>
        <listOfReactants>
          <speciesReference sboTerm="SBO:0000336" species="Cdc20_CMad2"/>
          <speciesReference sboTerm="SBO:0000336" species="Bub3_BubR1"/>
        </listOfReactants>
        <listOfProducts>
          <speciesReference sboTerm="SBO:0000011" species="MCC"/>
        </listOfProducts>
        <kineticLaw sboTerm="SBO:0000103">
          <math xmlns="http://www.w3.org/1998/Math/MathML">
            <apply>
              <times/>
              <ci> Cytoplasm </ci>
              <apply>
                <minus/>
                <apply>
                  <times/>
                  <ci> u </ci>
                  <ci> k4f </ci>
                  <ci> Cdc20_CMad2 </ci>
                  <ci> Bub3_BubR1 </ci>
                </apply>
                <apply>
                  <times/>
                  <ci> k4r </ci>
                  <ci> MCC </ci>
                </apply>
              </apply>
            </apply>
          </math>
        </kineticLaw>
      </reaction>
      <reaction metaid="metaid_0000027" id="R5" sboTerm="SBO:0000177">
        <annotation>
          <rdf:RDF xmlns:rdf="http://www.w3.org/1999/02/22-rdf-syntax-ns#" xmlns:dc="http://purl.org/dc/elements/1.1/" xmlns:dcterms="http://purl.org/dc/terms/" xmlns:vCard="http://www.w3.org/2001/vcard-rdf/3.0#" xmlns:bqbiol="http://biomodels.net/biology-qualifiers/" xmlns:bqmodel="http://biomodels.net/model-qualifiers/">
            <rdf:Description rdf:about="#metaid_0000027">
              <bqbiol:isVersionOf>
                <rdf:Bag>
                  <rdf:li rdf:resource="urn:miriam:obo.go:GO%3A0006461"/>
                  <rdf:li rdf:resource="urn:miriam:obo.go:GO%3A0043241"/>
                </rdf:Bag>
              </bqbiol:isVersionOf>
            </rdf:Description>
          </rdf:RDF>
        </annotation>
        <listOfReactants>
          <speciesReference sboTerm="SBO:0000336" species="Bub3_BubR1"/>
          <speciesReference sboTerm="SBO:0000336" species="Cdc20"/>
        </listOfReactants>
        <listOfProducts>
          <speciesReference sboTerm="SBO:0000011" species="Bub3_BubR1_Cdc20"/>
        </listOfProducts>
        <kineticLaw sboTerm="SBO:0000103">
          <math xmlns="http://www.w3.org/1998/Math/MathML">
            <apply>
              <times/>
              <ci> Cytoplasm </ci>
              <apply>
                <minus/>
                <apply>
                  <times/>
                  <ci> u </ci>
                  <ci> k5f </ci>
                  <ci> Bub3_BubR1 </ci>
                  <ci> Cdc20 </ci>
                </apply>
                <apply>
                  <times/>
                  <ci> k5r </ci>
                  <ci> Bub3_BubR1_Cdc20 </ci>
                </apply>
              </apply>
            </apply>
          </math>
        </kineticLaw>
      </reaction>
      <reaction metaid="metaid_0000028" id="R6" reversible="false" sboTerm="SBO:0000177">
        <annotation>
          <rdf:RDF xmlns:rdf="http://www.w3.org/1999/02/22-rdf-syntax-ns#" xmlns:dc="http://purl.org/dc/elements/1.1/" xmlns:dcterms="http://purl.org/dc/terms/" xmlns:vCard="http://www.w3.org/2001/vcard-rdf/3.0#" xmlns:bqbiol="http://biomodels.net/biology-qualifiers/" xmlns:bqmodel="http://biomodels.net/model-qualifiers/">
            <rdf:Description rdf:about="#metaid_0000028">
              <bqbiol:isVersionOf>
                <rdf:Bag>
                  <rdf:li rdf:resource="urn:miriam:obo.go:GO%3A0006461"/>
                </rdf:Bag>
              </bqbiol:isVersionOf>
            </rdf:Description>
          </rdf:RDF>
        </annotation>
        <listOfReactants>
          <speciesReference sboTerm="SBO:0000336" species="OMad2"/>
          <speciesReference sboTerm="SBO:0000336" species="Cdc20"/>
        </listOfReactants>
        <listOfProducts>
          <speciesReference sboTerm="SBO:0000011" species="Cdc20_CMad2"/>
        </listOfProducts>
        <kineticLaw sboTerm="SBO:0000054">
          <math xmlns="http://www.w3.org/1998/Math/MathML">
            <apply>
              <times/>
              <ci> Cytoplasm </ci>
              <ci> kf6 </ci>
              <ci> OMad2 </ci>
              <ci> Cdc20 </ci>
            </apply>
          </math>
        </kineticLaw>
      </reaction>
    </listOfReactions>
    <listOfEvents>
      <event metaid="metaid_0000031" id="mt_attachment" name="Microtubule attachment">
        <annotation>
          <rdf:RDF xmlns:rdf="http://www.w3.org/1999/02/22-rdf-syntax-ns#" xmlns:dc="http://purl.org/dc/elements/1.1/" xmlns:dcterms="http://purl.org/dc/terms/" xmlns:vCard="http://www.w3.org/2001/vcard-rdf/3.0#" xmlns:bqbiol="http://biomodels.net/biology-qualifiers/" xmlns:bqmodel="http://biomodels.net/model-qualifiers/">
            <rdf:Description rdf:about="#metaid_0000031">
              <bqbiol:is>
                <rdf:Bag>
                  <rdf:li rdf:resource="urn:miriam:obo.go:GO%3A0008608"/>
                </rdf:Bag>
              </bqbiol:is>
            </rdf:Description>
          </rdf:RDF>
        </annotation>
        <trigger>
          <math xmlns="http://www.w3.org/1998/Math/MathML">
            <apply>
              <gt/>
              <csymbol encoding="text" definitionURL="http://www.sbml.org/sbml/symbols/time"> time </csymbol>
              <cn> 2000 </cn>
            </apply>
          </math>
        </trigger>
        <listOfEventAssignments>
          <eventAssignment variable="u">
            <math xmlns="http://www.w3.org/1998/Math/MathML">
              <ci> const_val_0 </ci>
            </math>
          </eventAssignment>
        </listOfEventAssignments>
      </event>
    </listOfEvents>
  </model>
</sbml>
