<?xml version="1.0" encoding="UTF-8"?>
<sbml xmlns="http://www.sbml.org/sbml/level2/version3" metaid="metaid_0000001" level="2" version="3">
  <model metaid="_481114" id="testid" name="Stone1996_NOsGC">
    <notes>
      <body xmlns="http://www.w3.org/1999/xhtml">
	     This features the two step binding of NO to soluble Guanylyl Cyclase as proposed by <a href="http://www.ncbi.nlm.nih.gov/entrez/query.fcgi?cmd=Retrieve&amp;db=pubmed&amp;dopt=Abstract&amp;list_uids=8573563">Stone JR, Marletta MA. Biochemistry (1996) 35(4):1093-9</a>. There is a fast step binding scheme and a slow step binding scheme. The difference lies in the binding of a NO to a non-heme site on sGC, which may not necessarily be the same site of binding during the initial binding. The rates have been directly used models.
          
      
      
      
      <p>This model originates from BioModels Database: A Database of Annotated Published Models. It is copyright (c) 2005-2009 The BioModels Team.
      
      
      
      <br/>For more information see the 
      
      
      
      <a href="http://www.ebi.ac.uk/biomodels/legal.html" target="_blank">terms of use</a>.
      
      
      
      <br/>To cite BioModels Database, please use 
      
      
      
      <a href="http://www.pubmedcentral.nih.gov/articlerender.fcgi?tool=pubmed&amp;pubmedid=16381960" target="_blank"> Le Novère N., Bornstein B., Broicher A., Courtot M., Donizelli M., Dharuri H., Li L., Sauro H., Schilstra M., Shapiro B., Snoep J.L., Hucka M. (2006) BioModels Database: A Free, Centralized Database of Curated, Published, Quantitative Kinetic Models of Biochemical and Cellular Systems Nucleic Acids Res., 34: D689-D691.</a>
    </p>
  </body>
</notes><annotation>
  <arcadia:listoflayouts xmlns:arcadia="http://www.arcadia.org/ns">
    <arcadia:layout arcadia:name="Default Layout">
      <arcadia:container arcadia:strategy="Hierarchy">
        <arcadia:container arcadia:strategy="Hierarchy" arcadia:sbmlid="cytosol">
          <arcadia:clone arcadia:sbmlid="NO" arcadia:x="-121" arcadia:y="-226"/>
          <arcadia:clone arcadia:sbmlid="sGCfast" arcadia:x="-221" arcadia:y="-268"/>
          <arcadia:clone arcadia:sbmlid="NO_sGCfast" arcadia:x="-221" arcadia:y="-161"/>
          <arcadia:clone arcadia:sbmlid="NO_sGCfast_6coord" arcadia:x="-222" arcadia:y="-71"/>
          <arcadia:clone arcadia:sbmlid="NO_sGCfast_5coord" arcadia:x="-222" arcadia:y="32"/>
          <arcadia:clone arcadia:sbmlid="sGCslow" arcadia:x="-36" arcadia:y="-272"/>
          <arcadia:clone arcadia:sbmlid="NO_sGCslow" arcadia:x="-35" arcadia:y="-161"/>
          <arcadia:clone arcadia:sbmlid="NO_sGCslow_6coord" arcadia:x="-35" arcadia:y="-71"/>
          <arcadia:clone arcadia:sbmlid="NO_sGCslow_6coord_NO_int" arcadia:x="-36" arcadia:y="31"/>
          <arcadia:clone arcadia:sbmlid="NO_sGCslow_5coord" arcadia:x="-34" arcadia:y="130"/>
          <arcadia:clone arcadia:sbmlid="r1fast" arcadia:x="-220" arcadia:y="-213"/>
          <arcadia:clone arcadia:sbmlid="r2fast" arcadia:x="-220" arcadia:y="-121"/>
          <arcadia:clone arcadia:sbmlid="r3fast" arcadia:x="-222" arcadia:y="-20"/>
          <arcadia:clone arcadia:sbmlid="r1slow" arcadia:x="-36" arcadia:y="-214"/>
          <arcadia:clone arcadia:sbmlid="r2slow" arcadia:x="-34" arcadia:y="-123"/>
          <arcadia:clone arcadia:sbmlid="r3slow" arcadia:x="-35" arcadia:y="-21"/>
          <arcadia:clone arcadia:sbmlid="r4slow" arcadia:x="-35" arcadia:y="79"/>
        </arcadia:container>
      </arcadia:container>
    </arcadia:layout>
  </arcadia:listoflayouts>
  <rdf:RDF xmlns:rdf="http://www.w3.org/1999/02/22-rdf-syntax-ns#" xmlns:dc="http://purl.org/dc/elements/1.1/" xmlns:dcterms="http://purl.org/dc/terms/" xmlns:vCard="http://www.w3.org/2001/vcard-rdf/3.0#" xmlns:bqbiol="http://biomodels.net/biology-qualifiers/" xmlns:bqmodel="http://biomodels.net/model-qualifiers/">
    <rdf:Description rdf:about="#_481114">
      <dc:creator rdf:parseType="Resource">
        <rdf:Bag>
          <rdf:li rdf:parseType="Resource">
            <vCard:N rdf:parseType="Resource">
              <vCard:Family>Endler</vCard:Family>
              <vCard:Given>Lukas</vCard:Given>
            </vCard:N>
            <vCard:EMAIL>lukas@ebi.ac.uk</vCard:EMAIL>
            <vCard:ORG>
              <vCard:Orgname>EMBL-EBI</vCard:Orgname>
            </vCard:ORG>
          </rdf:li>
          <rdf:li rdf:parseType="Resource">
            <vCard:N rdf:parseType="Resource">
              <vCard:Family>Chelliah</vCard:Family>
              <vCard:Given>Vijayalakshmi</vCard:Given>
            </vCard:N>
            <vCard:EMAIL>viji@ebi.ac.uk</vCard:EMAIL>
            <vCard:ORG>
              <vCard:Orgname>EMBL-EBI</vCard:Orgname>
            </vCard:ORG>
          </rdf:li>
          <rdf:li rdf:parseType="Resource">
            <vCard:N rdf:parseType="Resource">
              <vCard:Family>Stone</vCard:Family>
              <vCard:Given>James R</vCard:Given>
            </vCard:N>
            <vCard:ORG>
              <vCard:Orgname>Department of Biological Chemistry, University of Michigan, Michigan</vCard:Orgname>
            </vCard:ORG>
          </rdf:li>
          <rdf:li rdf:parseType="Resource">
            <vCard:N rdf:parseType="Resource">
              <vCard:Family>Marletta</vCard:Family>
              <vCard:Given>Michael A</vCard:Given>
            </vCard:N>
            <vCard:ORG>
              <vCard:Orgname>Department of Biological Chemistry, University of Michigan, Michigan</vCard:Orgname>
            </vCard:ORG>
          </rdf:li>
        </rdf:Bag>
      </dc:creator>
      <dcterms:created rdf:parseType="Resource">
        <dcterms:W3CDTF>2008-10-21T15:19:25Z</dcterms:W3CDTF>
      </dcterms:created>
      <dcterms:modified rdf:parseType="Resource">
        <dcterms:W3CDTF>2009-08-13T15:55:17Z</dcterms:W3CDTF>
      </dcterms:modified>
      <bqmodel:is>
        <rdf:Bag>
          <rdf:li rdf:resource="urn:miriam:biomodels.db:BIOMD0000000198"/>
        </rdf:Bag>
      </bqmodel:is>
      <bqmodel:isDescribedBy>
        <rdf:Bag>
          <rdf:li rdf:resource="urn:miriam:pubmed:8573563"/>
        </rdf:Bag>
      </bqmodel:isDescribedBy>
      <bqbiol:isVersionOf>
        <rdf:Bag>
          <rdf:li rdf:resource="urn:miriam:obo.go:GO%3A0007263"/>
          <rdf:li rdf:resource="urn:miriam:obo.go:GO%3A0031282"/>
        </rdf:Bag>
      </bqbiol:isVersionOf>
      <bqbiol:is>
        <rdf:Bag>
          <rdf:li rdf:resource="urn:miriam:taxonomy:9913"/>
        </rdf:Bag>
      </bqbiol:is>
    </rdf:Description>
  </rdf:RDF>
  <listOfLayouts xmlns="http://projects.eml.org/bcb/sbml/level2" xmlns:xsi="http://www.w3.org/2001/XMLSchema-instance">
    <layout id="Arcadia_Layout_0">
      <dimensions width="467" height="570"/>
      <listOfCompartmentGlyphs>
        <compartmentGlyph id="CG_0" compartment="cytosol">
          <boundingBox id="bbc_0">
            <position x="21" y="21"/>
            <dimensions width="425" height="528"/>
          </boundingBox>
        </compartmentGlyph>
      </listOfCompartmentGlyphs>
      <listOfSpeciesGlyphs>
        <speciesGlyph id="SG_0_0" species="NO">
          <boundingBox id="bbs_0_0">
            <position x="209" y="121"/>
            <dimensions width="39" height="39"/>
          </boundingBox>
        </speciesGlyph>
        <speciesGlyph id="SG_1_0" species="sGCfast">
          <boundingBox id="bbs_1_0">
            <position x="90" y="76"/>
            <dimensions width="76" height="44"/>
          </boundingBox>
        </speciesGlyph>
        <speciesGlyph id="SG_2_0" species="NO_sGCfast">
          <boundingBox id="bbs_2_0">
            <position x="79" y="183"/>
            <dimensions width="99" height="44"/>
          </boundingBox>
        </speciesGlyph>
        <speciesGlyph id="SG_3_0" species="NO_sGCfast_6coord">
          <boundingBox id="bbs_3_0">
            <position x="52" y="273"/>
            <dimensions width="151" height="44"/>
          </boundingBox>
        </speciesGlyph>
        <speciesGlyph id="SG_4_0" species="NO_sGCfast_5coord">
          <boundingBox id="bbs_4_0">
            <position x="52" y="376"/>
            <dimensions width="151" height="44"/>
          </boundingBox>
        </speciesGlyph>
        <speciesGlyph id="SG_5_0" species="sGCslow">
          <boundingBox id="bbs_5_0">
            <position x="275" y="72"/>
            <dimensions width="76" height="44"/>
          </boundingBox>
        </speciesGlyph>
        <speciesGlyph id="SG_6_0" species="NO_sGCslow">
          <boundingBox id="bbs_6_0">
            <position x="265" y="183"/>
            <dimensions width="99" height="44"/>
          </boundingBox>
        </speciesGlyph>
        <speciesGlyph id="SG_7_0" species="NO_sGCslow_6coord">
          <boundingBox id="bbs_7_0">
            <position x="239" y="273"/>
            <dimensions width="151" height="44"/>
          </boundingBox>
        </speciesGlyph>
        <speciesGlyph id="SG_8_0" species="NO_sGCslow_6coord_NO_int">
          <boundingBox id="bbs_8_0">
            <position x="211" y="375"/>
            <dimensions width="204" height="44"/>
          </boundingBox>
        </speciesGlyph>
        <speciesGlyph id="SG_9_0" species="NO_sGCslow_5coord">
          <boundingBox id="bbs_9_0">
            <position x="240" y="474"/>
            <dimensions width="151" height="44"/>
          </boundingBox>
        </speciesGlyph>
      </listOfSpeciesGlyphs>
      <listOfReactionGlyphs>
        <reactionGlyph id="RG_0" reaction="r1fast">
          <curve>
            <listOfCurveSegments>
              <curveSegment xsi:type="LineSegment">
                <start x="129" y="153"/>
                <end x="129" y="153"/>
              </curveSegment>
            </listOfCurveSegments>
          </curve>
          <listOfSpeciesReferenceGlyphs>
            <speciesReferenceGlyph id="SR_0_0" speciesGlyph="SG_0_0" role="substrate">
              <curve>
                <listOfCurveSegments>
                  <curveSegment xsi:type="LineSegment">
                    <start x="209" y="141"/>
                    <end x="129" y="141"/>
                  </curveSegment>
                  <curveSegment xsi:type="LineSegment">
                    <start x="129" y="141"/>
                    <end x="129" y="153"/>
                  </curveSegment>
                </listOfCurveSegments>
              </curve>
            </speciesReferenceGlyph>
            <speciesReferenceGlyph id="SR_0_1" speciesGlyph="SG_1_0" role="substrate">
              <curve>
                <listOfCurveSegments>
                  <curveSegment xsi:type="LineSegment">
                    <start x="129" y="120"/>
                    <end x="129" y="141"/>
                  </curveSegment>
                  <curveSegment xsi:type="LineSegment">
                    <start x="129" y="141"/>
                    <end x="129" y="153"/>
                  </curveSegment>
                </listOfCurveSegments>
              </curve>
            </speciesReferenceGlyph>
            <speciesReferenceGlyph id="SR_0_2" speciesGlyph="SG_2_0" role="product">
              <curve>
                <listOfCurveSegments>
                  <curveSegment xsi:type="LineSegment">
                    <start x="129" y="153"/>
                    <end x="129" y="165"/>
                  </curveSegment>
                  <curveSegment xsi:type="LineSegment">
                    <start x="129" y="165"/>
                    <end x="129" y="183"/>
                  </curveSegment>
                </listOfCurveSegments>
              </curve>
            </speciesReferenceGlyph>
          </listOfSpeciesReferenceGlyphs>
        </reactionGlyph>
        <reactionGlyph id="RG_1" reaction="r2fast">
          <curve>
            <listOfCurveSegments>
              <curveSegment xsi:type="LineSegment">
                <start x="129" y="245"/>
                <end x="129" y="245"/>
              </curveSegment>
            </listOfCurveSegments>
          </curve>
          <listOfSpeciesReferenceGlyphs>
            <speciesReferenceGlyph id="SR_1_0" speciesGlyph="SG_2_0" role="substrate">
              <curve>
                <listOfCurveSegments>
                  <curveSegment xsi:type="LineSegment">
                    <start x="129" y="227"/>
                    <end x="129" y="233"/>
                  </curveSegment>
                  <curveSegment xsi:type="LineSegment">
                    <start x="129" y="233"/>
                    <end x="129" y="245"/>
                  </curveSegment>
                </listOfCurveSegments>
              </curve>
            </speciesReferenceGlyph>
            <speciesReferenceGlyph id="SR_1_1" speciesGlyph="SG_3_0" role="product">
              <curve>
                <listOfCurveSegments>
                  <curveSegment xsi:type="LineSegment">
                    <start x="129" y="245"/>
                    <end x="129" y="257"/>
                  </curveSegment>
                  <curveSegment xsi:type="LineSegment">
                    <start x="129" y="257"/>
                    <end x="129" y="273"/>
                  </curveSegment>
                </listOfCurveSegments>
              </curve>
            </speciesReferenceGlyph>
          </listOfSpeciesReferenceGlyphs>
        </reactionGlyph>
        <reactionGlyph id="RG_2" reaction="r3fast">
          <curve>
            <listOfCurveSegments>
              <curveSegment xsi:type="LineSegment">
                <start x="127" y="346"/>
                <end x="127" y="346"/>
              </curveSegment>
            </listOfCurveSegments>
          </curve>
          <listOfSpeciesReferenceGlyphs>
            <speciesReferenceGlyph id="SR_2_0" speciesGlyph="SG_3_0" role="substrate">
              <curve>
                <listOfCurveSegments>
                  <curveSegment xsi:type="LineSegment">
                    <start x="127" y="317"/>
                    <end x="127" y="334"/>
                  </curveSegment>
                  <curveSegment xsi:type="LineSegment">
                    <start x="127" y="334"/>
                    <end x="127" y="346"/>
                  </curveSegment>
                </listOfCurveSegments>
              </curve>
            </speciesReferenceGlyph>
            <speciesReferenceGlyph id="SR_2_1" speciesGlyph="SG_4_0" role="product">
              <curve>
                <listOfCurveSegments>
                  <curveSegment xsi:type="LineSegment">
                    <start x="127" y="346"/>
                    <end x="127" y="358"/>
                  </curveSegment>
                  <curveSegment xsi:type="LineSegment">
                    <start x="127" y="358"/>
                    <end x="127" y="376"/>
                  </curveSegment>
                </listOfCurveSegments>
              </curve>
            </speciesReferenceGlyph>
          </listOfSpeciesReferenceGlyphs>
        </reactionGlyph>
        <reactionGlyph id="RG_3" reaction="r1slow">
          <curve>
            <listOfCurveSegments>
              <curveSegment xsi:type="LineSegment">
                <start x="313" y="152"/>
                <end x="313" y="152"/>
              </curveSegment>
            </listOfCurveSegments>
          </curve>
          <listOfSpeciesReferenceGlyphs>
            <speciesReferenceGlyph id="SR_3_0" speciesGlyph="SG_0_0" role="substrate">
              <curve>
                <listOfCurveSegments>
                  <curveSegment xsi:type="LineSegment">
                    <start x="247" y="140"/>
                    <end x="313" y="140"/>
                  </curveSegment>
                  <curveSegment xsi:type="LineSegment">
                    <start x="313" y="140"/>
                    <end x="313" y="152"/>
                  </curveSegment>
                </listOfCurveSegments>
              </curve>
            </speciesReferenceGlyph>
            <speciesReferenceGlyph id="SR_3_1" speciesGlyph="SG_5_0" role="substrate">
              <curve>
                <listOfCurveSegments>
                  <curveSegment xsi:type="LineSegment">
                    <start x="313" y="116"/>
                    <end x="313" y="140"/>
                  </curveSegment>
                  <curveSegment xsi:type="LineSegment">
                    <start x="313" y="140"/>
                    <end x="313" y="152"/>
                  </curveSegment>
                </listOfCurveSegments>
              </curve>
            </speciesReferenceGlyph>
            <speciesReferenceGlyph id="SR_3_2" speciesGlyph="SG_6_0" role="product">
              <curve>
                <listOfCurveSegments>
                  <curveSegment xsi:type="LineSegment">
                    <start x="313" y="152"/>
                    <end x="313" y="164"/>
                  </curveSegment>
                  <curveSegment xsi:type="LineSegment">
                    <start x="313" y="164"/>
                    <end x="314" y="183"/>
                  </curveSegment>
                </listOfCurveSegments>
              </curve>
            </speciesReferenceGlyph>
          </listOfSpeciesReferenceGlyphs>
        </reactionGlyph>
        <reactionGlyph id="RG_4" reaction="r2slow">
          <curve>
            <listOfCurveSegments>
              <curveSegment xsi:type="LineSegment">
                <start x="315" y="243"/>
                <end x="315" y="243"/>
              </curveSegment>
            </listOfCurveSegments>
          </curve>
          <listOfSpeciesReferenceGlyphs>
            <speciesReferenceGlyph id="SR_4_0" speciesGlyph="SG_6_0" role="substrate">
              <curve>
                <listOfCurveSegments>
                  <curveSegment xsi:type="LineSegment">
                    <start x="315" y="227"/>
                    <end x="315" y="231"/>
                  </curveSegment>
                  <curveSegment xsi:type="LineSegment">
                    <start x="315" y="231"/>
                    <end x="315" y="243"/>
                  </curveSegment>
                </listOfCurveSegments>
              </curve>
            </speciesReferenceGlyph>
            <speciesReferenceGlyph id="SR_4_1" speciesGlyph="SG_7_0" role="product">
              <curve>
                <listOfCurveSegments>
                  <curveSegment xsi:type="LineSegment">
                    <start x="315" y="243"/>
                    <end x="315" y="255"/>
                  </curveSegment>
                  <curveSegment xsi:type="LineSegment">
                    <start x="315" y="255"/>
                    <end x="315" y="273"/>
                  </curveSegment>
                </listOfCurveSegments>
              </curve>
            </speciesReferenceGlyph>
          </listOfSpeciesReferenceGlyphs>
        </reactionGlyph>
        <reactionGlyph id="RG_5" reaction="r3slow">
          <curve>
            <listOfCurveSegments>
              <curveSegment xsi:type="LineSegment">
                <start x="314" y="345"/>
                <end x="314" y="345"/>
              </curveSegment>
            </listOfCurveSegments>
          </curve>
          <listOfSpeciesReferenceGlyphs>
            <speciesReferenceGlyph id="SR_5_0" speciesGlyph="SG_0_0" role="substrate">
              <curve>
                <listOfCurveSegments>
                  <curveSegment xsi:type="LineSegment">
                    <start x="237" y="159"/>
                    <end x="314" y="333"/>
                  </curveSegment>
                  <curveSegment xsi:type="LineSegment">
                    <start x="314" y="333"/>
                    <end x="314" y="345"/>
                  </curveSegment>
                </listOfCurveSegments>
              </curve>
            </speciesReferenceGlyph>
            <speciesReferenceGlyph id="SR_5_1" speciesGlyph="SG_7_0" role="substrate">
              <curve>
                <listOfCurveSegments>
                  <curveSegment xsi:type="LineSegment">
                    <start x="314" y="317"/>
                    <end x="314" y="333"/>
                  </curveSegment>
                  <curveSegment xsi:type="LineSegment">
                    <start x="314" y="333"/>
                    <end x="314" y="345"/>
                  </curveSegment>
                </listOfCurveSegments>
              </curve>
            </speciesReferenceGlyph>
            <speciesReferenceGlyph id="SR_5_2" speciesGlyph="SG_8_0" role="product">
              <curve>
                <listOfCurveSegments>
                  <curveSegment xsi:type="LineSegment">
                    <start x="314" y="345"/>
                    <end x="314" y="357"/>
                  </curveSegment>
                  <curveSegment xsi:type="LineSegment">
                    <start x="314" y="357"/>
                    <end x="314" y="375"/>
                  </curveSegment>
                </listOfCurveSegments>
              </curve>
            </speciesReferenceGlyph>
          </listOfSpeciesReferenceGlyphs>
        </reactionGlyph>
        <reactionGlyph id="RG_6" reaction="r4slow">
          <curve>
            <listOfCurveSegments>
              <curveSegment xsi:type="LineSegment">
                <start x="314" y="445"/>
                <end x="314" y="445"/>
              </curveSegment>
            </listOfCurveSegments>
          </curve>
          <listOfSpeciesReferenceGlyphs>
            <speciesReferenceGlyph id="SR_6_0" speciesGlyph="SG_8_0" role="substrate">
              <curve>
                <listOfCurveSegments>
                  <curveSegment xsi:type="LineSegment">
                    <start x="314" y="419"/>
                    <end x="314" y="433"/>
                  </curveSegment>
                  <curveSegment xsi:type="LineSegment">
                    <start x="314" y="433"/>
                    <end x="314" y="445"/>
                  </curveSegment>
                </listOfCurveSegments>
              </curve>
            </speciesReferenceGlyph>
            <speciesReferenceGlyph id="SR_6_1" speciesGlyph="SG_9_0" role="product">
              <curve>
                <listOfCurveSegments>
                  <curveSegment xsi:type="LineSegment">
                    <start x="314" y="445"/>
                    <end x="314" y="457"/>
                  </curveSegment>
                  <curveSegment xsi:type="LineSegment">
                    <start x="314" y="457"/>
                    <end x="315" y="474"/>
                  </curveSegment>
                </listOfCurveSegments>
              </curve>
            </speciesReferenceGlyph>
          </listOfSpeciesReferenceGlyphs>
        </reactionGlyph>
      </listOfReactionGlyphs>
      <listOfTextGlyphs>
        <textGlyph id="TGS_0_0" graphicalObject="SG_0_0" originOfText="NO">
          <boundingBox id="bbs_0_0">
            <position x="209" y="121"/>
            <dimensions width="39" height="39"/>
          </boundingBox>
        </textGlyph>
        <textGlyph id="TGS_1_0" graphicalObject="SG_1_0" originOfText="sGCfast">
          <boundingBox id="bbs_1_0">
            <position x="90" y="76"/>
            <dimensions width="76" height="44"/>
          </boundingBox>
        </textGlyph>
        <textGlyph id="TGS_2_0" graphicalObject="SG_2_0" originOfText="NO_sGCfast">
          <boundingBox id="bbs_2_0">
            <position x="79" y="183"/>
            <dimensions width="99" height="44"/>
          </boundingBox>
        </textGlyph>
        <textGlyph id="TGS_3_0" graphicalObject="SG_3_0" originOfText="NO_sGCfast_6coord">
          <boundingBox id="bbs_3_0">
            <position x="52" y="273"/>
            <dimensions width="151" height="44"/>
          </boundingBox>
        </textGlyph>
        <textGlyph id="TGS_4_0" graphicalObject="SG_4_0" originOfText="NO_sGCfast_5coord">
          <boundingBox id="bbs_4_0">
            <position x="52" y="376"/>
            <dimensions width="151" height="44"/>
          </boundingBox>
        </textGlyph>
        <textGlyph id="TGS_5_0" graphicalObject="SG_5_0" originOfText="sGCslow">
          <boundingBox id="bbs_5_0">
            <position x="275" y="72"/>
            <dimensions width="76" height="44"/>
          </boundingBox>
        </textGlyph>
        <textGlyph id="TGS_6_0" graphicalObject="SG_6_0" originOfText="NO_sGCslow">
          <boundingBox id="bbs_6_0">
            <position x="265" y="183"/>
            <dimensions width="99" height="44"/>
          </boundingBox>
        </textGlyph>
        <textGlyph id="TGS_7_0" graphicalObject="SG_7_0" originOfText="NO_sGCslow_6coord">
          <boundingBox id="bbs_7_0">
            <position x="239" y="273"/>
            <dimensions width="151" height="44"/>
          </boundingBox>
        </textGlyph>
        <textGlyph id="TGS_8_0" graphicalObject="SG_8_0" originOfText="NO_sGCslow_6coord_NO_int">
          <boundingBox id="bbs_8_0">
            <position x="211" y="375"/>
            <dimensions width="204" height="44"/>
          </boundingBox>
        </textGlyph>
        <textGlyph id="TGS_9_0" graphicalObject="SG_9_0" originOfText="NO_sGCslow_5coord">
          <boundingBox id="bbs_9_0">
            <position x="240" y="474"/>
            <dimensions width="151" height="44"/>
          </boundingBox>
        </textGlyph>
        <textGlyph id="TGC_0" graphicalObject="CG_0" originOfText="cytosol">
          <boundingBox id="bbl_0">
            <position x="33" y="33"/>
            <dimensions width="52" height="20"/>
          </boundingBox>
        </textGlyph>
      </listOfTextGlyphs>
    </layout>
  </listOfLayouts>
</annotation><listOfUnitDefinitions>
  <unitDefinition metaid="metaid_0000030" id="substance" name="micromole">
    <listOfUnits>
      <unit kind="mole" scale="-6"/>
    </listOfUnits>
  </unitDefinition>
  <unitDefinition metaid="metaid_0000031" id="peruMpersec">
    <listOfUnits>
      <unit kind="litre"/>
      <unit kind="mole" exponent="-1" scale="-6"/>
      <unit kind="second" exponent="-1"/>
    </listOfUnits>
  </unitDefinition>
  <unitDefinition metaid="metaid_0000032" id="uM">
    <listOfUnits>
      <unit kind="mole" scale="-6"/>
      <unit kind="litre" exponent="-1"/>
    </listOfUnits>
  </unitDefinition>
  <unitDefinition metaid="metaid_0000035" id="persec">
    <listOfUnits>
      <unit kind="second" exponent="-1"/>
    </listOfUnits>
  </unitDefinition>
  <unitDefinition metaid="metaid_0020031" id="peruMpercm">
    <listOfUnits>
      <unit kind="litre"/>
      <unit kind="mole" exponent="-1" scale="-6"/>
      <unit kind="metre" exponent="-1" scale="-2"/>
    </listOfUnits>
  </unitDefinition>
  <unitDefinition metaid="metaid_0010031" id="percm">
    <listOfUnits>
      <unit kind="metre" exponent="-1" scale="-2"/>
    </listOfUnits>
  </unitDefinition>
</listOfUnitDefinitions><listOfCompartments>
  <compartment metaid="_481131" id="cytosol" size="1">
    <annotation>
      <rdf:RDF xmlns:rdf="http://www.w3.org/1999/02/22-rdf-syntax-ns#" xmlns:dc="http://purl.org/dc/elements/1.1/" xmlns:dcterms="http://purl.org/dc/terms/" xmlns:vCard="http://www.w3.org/2001/vcard-rdf/3.0#" xmlns:bqbiol="http://biomodels.net/biology-qualifiers/" xmlns:bqmodel="http://biomodels.net/model-qualifiers/">
        <rdf:Description rdf:about="#_481131">
          <bqmodel:is>
            <rdf:Bag>
              <rdf:li rdf:resource="urn:miriam:obo.go:GO%3A0005829"/>
            </rdf:Bag>
          </bqmodel:is>
        </rdf:Description>
      </rdf:RDF>
    </annotation>
  </compartment>
</listOfCompartments><listOfSpecies>
  <species metaid="_481391" id="NO" compartment="cytosol" initialConcentration="0.5" boundaryCondition="true" sboTerm="SBO:0000247">
    <annotation>
      <rdf:RDF xmlns:rdf="http://www.w3.org/1999/02/22-rdf-syntax-ns#" xmlns:dc="http://purl.org/dc/elements/1.1/" xmlns:dcterms="http://purl.org/dc/terms/" xmlns:vCard="http://www.w3.org/2001/vcard-rdf/3.0#" xmlns:bqbiol="http://biomodels.net/biology-qualifiers/" xmlns:bqmodel="http://biomodels.net/model-qualifiers/">
        <rdf:Description rdf:about="#_481391">
          <bqbiol:is>
            <rdf:Bag>
              <rdf:li rdf:resource="urn:miriam:obo.chebi:CHEBI%3A16480"/>
              <rdf:li rdf:resource="urn:miriam:kegg.compound:C00533"/>
            </rdf:Bag>
          </bqbiol:is>
        </rdf:Description>
      </rdf:RDF>
    </annotation>
  </species>
  <species metaid="_481211" id="sGCfast" compartment="cytosol" initialConcentration="0.112" sboTerm="SBO:0000297">
    <annotation>
      <rdf:RDF xmlns:rdf="http://www.w3.org/1999/02/22-rdf-syntax-ns#" xmlns:dc="http://purl.org/dc/elements/1.1/" xmlns:dcterms="http://purl.org/dc/terms/" xmlns:vCard="http://www.w3.org/2001/vcard-rdf/3.0#" xmlns:bqbiol="http://biomodels.net/biology-qualifiers/" xmlns:bqmodel="http://biomodels.net/model-qualifiers/">
        <rdf:Description rdf:about="#_481211">
          <bqbiol:hasVersion>
            <rdf:Bag>
              <rdf:li rdf:resource="urn:miriam:uniprot:P19687"/>
              <rdf:li rdf:resource="urn:miriam:uniprot:P16068"/>
            </rdf:Bag>
          </bqbiol:hasVersion>
        </rdf:Description>
      </rdf:RDF>
    </annotation>
  </species>
  <species metaid="_481171" id="NO_sGCfast" compartment="cytosol" initialConcentration="0" sboTerm="SBO:0000297">
    <annotation>
      <rdf:RDF xmlns:rdf="http://www.w3.org/1999/02/22-rdf-syntax-ns#" xmlns:dc="http://purl.org/dc/elements/1.1/" xmlns:dcterms="http://purl.org/dc/terms/" xmlns:vCard="http://www.w3.org/2001/vcard-rdf/3.0#" xmlns:bqbiol="http://biomodels.net/biology-qualifiers/" xmlns:bqmodel="http://biomodels.net/model-qualifiers/">
        <rdf:Description rdf:about="#_481171">
          <bqbiol:hasPart>
            <rdf:Bag>
              <rdf:li rdf:resource="urn:miriam:obo.chebi:CHEBI%3A16480"/>
              <rdf:li rdf:resource="urn:miriam:uniprot:P19687"/>
              <rdf:li rdf:resource="urn:miriam:uniprot:P16068"/>
            </rdf:Bag>
          </bqbiol:hasPart>
        </rdf:Description>
      </rdf:RDF>
    </annotation>
  </species>
  <species metaid="_481191" id="NO_sGCfast_6coord" compartment="cytosol" initialConcentration="0" sboTerm="SBO:0000297">
    <annotation>
      <rdf:RDF xmlns:rdf="http://www.w3.org/1999/02/22-rdf-syntax-ns#" xmlns:dc="http://purl.org/dc/elements/1.1/" xmlns:dcterms="http://purl.org/dc/terms/" xmlns:vCard="http://www.w3.org/2001/vcard-rdf/3.0#" xmlns:bqbiol="http://biomodels.net/biology-qualifiers/" xmlns:bqmodel="http://biomodels.net/model-qualifiers/">
        <rdf:Description rdf:about="#_481191">
          <bqbiol:hasPart>
            <rdf:Bag>
              <rdf:li rdf:resource="urn:miriam:obo.chebi:CHEBI%3A16480"/>
              <rdf:li rdf:resource="urn:miriam:uniprot:P19687"/>
              <rdf:li rdf:resource="urn:miriam:uniprot:P16068"/>
            </rdf:Bag>
          </bqbiol:hasPart>
        </rdf:Description>
      </rdf:RDF>
    </annotation>
  </species>
  <species metaid="_481231" id="NO_sGCfast_5coord" compartment="cytosol" initialConcentration="0" sboTerm="SBO:0000297">
    <annotation>
      <rdf:RDF xmlns:rdf="http://www.w3.org/1999/02/22-rdf-syntax-ns#" xmlns:dc="http://purl.org/dc/elements/1.1/" xmlns:dcterms="http://purl.org/dc/terms/" xmlns:vCard="http://www.w3.org/2001/vcard-rdf/3.0#" xmlns:bqbiol="http://biomodels.net/biology-qualifiers/" xmlns:bqmodel="http://biomodels.net/model-qualifiers/">
        <rdf:Description rdf:about="#_481231">
          <bqbiol:hasPart>
            <rdf:Bag>
              <rdf:li rdf:resource="urn:miriam:obo.chebi:CHEBI%3A16480"/>
              <rdf:li rdf:resource="urn:miriam:uniprot:P19687"/>
              <rdf:li rdf:resource="urn:miriam:uniprot:P16068"/>
            </rdf:Bag>
          </bqbiol:hasPart>
        </rdf:Description>
      </rdf:RDF>
    </annotation>
  </species>
  <species metaid="_481351" id="sGCslow" compartment="cytosol" initialConcentration="0.288" sboTerm="SBO:0000297">
    <annotation>
      <rdf:RDF xmlns:rdf="http://www.w3.org/1999/02/22-rdf-syntax-ns#" xmlns:dc="http://purl.org/dc/elements/1.1/" xmlns:dcterms="http://purl.org/dc/terms/" xmlns:vCard="http://www.w3.org/2001/vcard-rdf/3.0#" xmlns:bqbiol="http://biomodels.net/biology-qualifiers/" xmlns:bqmodel="http://biomodels.net/model-qualifiers/">
        <rdf:Description rdf:about="#_481351">
          <bqbiol:hasPart>
            <rdf:Bag>
              <rdf:li rdf:resource="urn:miriam:uniprot:P19687"/>
              <rdf:li rdf:resource="urn:miriam:uniprot:P16068"/>
            </rdf:Bag>
          </bqbiol:hasPart>
        </rdf:Description>
      </rdf:RDF>
    </annotation>
  </species>
  <species metaid="_481331" id="NO_sGCslow" compartment="cytosol" initialConcentration="0" sboTerm="SBO:0000297">
    <annotation>
      <rdf:RDF xmlns:rdf="http://www.w3.org/1999/02/22-rdf-syntax-ns#" xmlns:dc="http://purl.org/dc/elements/1.1/" xmlns:dcterms="http://purl.org/dc/terms/" xmlns:vCard="http://www.w3.org/2001/vcard-rdf/3.0#" xmlns:bqbiol="http://biomodels.net/biology-qualifiers/" xmlns:bqmodel="http://biomodels.net/model-qualifiers/">
        <rdf:Description rdf:about="#_481331">
          <bqbiol:hasPart>
            <rdf:Bag>
              <rdf:li rdf:resource="urn:miriam:obo.chebi:CHEBI%3A16480"/>
              <rdf:li rdf:resource="urn:miriam:uniprot:P19687"/>
              <rdf:li rdf:resource="urn:miriam:uniprot:P16068"/>
            </rdf:Bag>
          </bqbiol:hasPart>
        </rdf:Description>
      </rdf:RDF>
    </annotation>
  </species>
  <species metaid="_481311" id="NO_sGCslow_6coord" compartment="cytosol" initialConcentration="0" sboTerm="SBO:0000297">
    <annotation>
      <rdf:RDF xmlns:rdf="http://www.w3.org/1999/02/22-rdf-syntax-ns#" xmlns:dc="http://purl.org/dc/elements/1.1/" xmlns:dcterms="http://purl.org/dc/terms/" xmlns:vCard="http://www.w3.org/2001/vcard-rdf/3.0#" xmlns:bqbiol="http://biomodels.net/biology-qualifiers/" xmlns:bqmodel="http://biomodels.net/model-qualifiers/">
        <rdf:Description rdf:about="#_481311">
          <bqbiol:hasPart>
            <rdf:Bag>
              <rdf:li rdf:resource="urn:miriam:obo.chebi:CHEBI%3A16480"/>
              <rdf:li rdf:resource="urn:miriam:uniprot:P19687"/>
              <rdf:li rdf:resource="urn:miriam:uniprot:P16068"/>
            </rdf:Bag>
          </bqbiol:hasPart>
        </rdf:Description>
      </rdf:RDF>
    </annotation>
  </species>
  <species metaid="_481291" id="NO_sGCslow_6coord_NO_int" compartment="cytosol" initialConcentration="0" sboTerm="SBO:0000297">
    <annotation>
      <rdf:RDF xmlns:rdf="http://www.w3.org/1999/02/22-rdf-syntax-ns#" xmlns:dc="http://purl.org/dc/elements/1.1/" xmlns:dcterms="http://purl.org/dc/terms/" xmlns:vCard="http://www.w3.org/2001/vcard-rdf/3.0#" xmlns:bqbiol="http://biomodels.net/biology-qualifiers/" xmlns:bqmodel="http://biomodels.net/model-qualifiers/">
        <rdf:Description rdf:about="#_481291">
          <bqbiol:hasPart>
            <rdf:Bag>
              <rdf:li rdf:resource="urn:miriam:obo.chebi:CHEBI%3A16480"/>
              <rdf:li rdf:resource="urn:miriam:uniprot:P19687"/>
              <rdf:li rdf:resource="urn:miriam:uniprot:P16068"/>
            </rdf:Bag>
          </bqbiol:hasPart>
        </rdf:Description>
      </rdf:RDF>
    </annotation>
  </species>
  <species metaid="_481271" id="NO_sGCslow_5coord" compartment="cytosol" initialConcentration="0" sboTerm="SBO:0000297">
    <annotation>
      <rdf:RDF xmlns:rdf="http://www.w3.org/1999/02/22-rdf-syntax-ns#" xmlns:dc="http://purl.org/dc/elements/1.1/" xmlns:dcterms="http://purl.org/dc/terms/" xmlns:vCard="http://www.w3.org/2001/vcard-rdf/3.0#" xmlns:bqbiol="http://biomodels.net/biology-qualifiers/" xmlns:bqmodel="http://biomodels.net/model-qualifiers/">
        <rdf:Description rdf:about="#_481271">
          <bqbiol:hasPart>
            <rdf:Bag>
              <rdf:li rdf:resource="urn:miriam:obo.chebi:CHEBI%3A16480"/>
              <rdf:li rdf:resource="urn:miriam:uniprot:P19687"/>
              <rdf:li rdf:resource="urn:miriam:uniprot:P16068"/>
            </rdf:Bag>
          </bqbiol:hasPart>
        </rdf:Description>
      </rdf:RDF>
    </annotation>
  </species>
  <species metaid="_481411" id="NO_sGC_5coord_tot" compartment="cytosol" initialConcentration="0" sboTerm="SBO:0000297">
    <annotation>
      <rdf:RDF xmlns:rdf="http://www.w3.org/1999/02/22-rdf-syntax-ns#" xmlns:dc="http://purl.org/dc/elements/1.1/" xmlns:dcterms="http://purl.org/dc/terms/" xmlns:vCard="http://www.w3.org/2001/vcard-rdf/3.0#" xmlns:bqbiol="http://biomodels.net/biology-qualifiers/" xmlns:bqmodel="http://biomodels.net/model-qualifiers/">
        <rdf:Description rdf:about="#_481411">
          <bqbiol:hasPart>
            <rdf:Bag>
              <rdf:li rdf:resource="urn:miriam:obo.chebi:CHEBI%3A16480"/>
              <rdf:li rdf:resource="urn:miriam:uniprot:P16068"/>
              <rdf:li rdf:resource="urn:miriam:uniprot:P19687"/>
            </rdf:Bag>
          </bqbiol:hasPart>
        </rdf:Description>
      </rdf:RDF>
    </annotation>
  </species>
  <species metaid="_482411" id="sGC_inact_tot" compartment="cytosol" initialConcentration="0" sboTerm="SBO:0000297">
    <annotation>
      <rdf:RDF xmlns:rdf="http://www.w3.org/1999/02/22-rdf-syntax-ns#" xmlns:dc="http://purl.org/dc/elements/1.1/" xmlns:dcterms="http://purl.org/dc/terms/" xmlns:vCard="http://www.w3.org/2001/vcard-rdf/3.0#" xmlns:bqbiol="http://biomodels.net/biology-qualifiers/" xmlns:bqmodel="http://biomodels.net/model-qualifiers/">
        <rdf:Description rdf:about="#_482411">
          <bqbiol:hasPart>
            <rdf:Bag>
              <rdf:li rdf:resource="urn:miriam:obo.chebi:CHEBI%3A16480"/>
              <rdf:li rdf:resource="urn:miriam:uniprot:P16068"/>
              <rdf:li rdf:resource="urn:miriam:uniprot:P19687"/>
            </rdf:Bag>
          </bqbiol:hasPart>
        </rdf:Description>
      </rdf:RDF>
    </annotation>
  </species>
</listOfSpecies><listOfParameters>
  <parameter metaid="metaid_0000034" id="k1" name="k1" value="700" units="peruMpersec"/>
  <parameter metaid="metaid_0000036" id="k2" name="k2" value="800" units="persec"/>
  <parameter metaid="metaid_0000037" id="k3" name="k3" value="850" units="persec"/>
  <parameter metaid="metaid_0000038" id="k4" name="k4" value="20" units="persec"/>
  <parameter metaid="metaid_0000039" id="k5" name="k5" value="0.2" units="persec"/>
  <parameter metaid="metaid_0000040" id="k6" name="k6" value="700" units="peruMpersec"/>
  <parameter metaid="metaid_0000041" id="k7" name="k7" value="800" units="persec"/>
  <parameter metaid="metaid_0000042" id="k8" name="k8" value="850" units="persec"/>
  <parameter metaid="metaid_0000043" id="k9" name="k9" value="5" units="peruMpersec"/>
  <parameter metaid="metaid_0000044" id="k10" name="k10" value="25" units="persec"/>
  <parameter metaid="metaid_0000045" id="k11" name="k11" value="1.6" units="persec"/>
  <parameter metaid="metaid_0010046" id="k12" name="k12" value="0.02" units="persec"/>
  <parameter metaid="metaid_0020046" id="e5c" name="ext_5coord" value="0.11" units="peruMpercm">
    <notes>
      <p xmlns="http://www.w3.org/1999/xhtml">micromolar extinction coefficient of the 5-coordinate ferrous species at 431 nm</p>
    </notes>
  </parameter>
  <parameter metaid="metaid_0300046" id="e5c_NO" name="ext_5coord_NO" value="0.025" units="peruMpercm">
    <notes>
      <p xmlns="http://www.w3.org/1999/xhtml">micromolar extinction coefficient of the 5-coordinate ferrous nitrosyl species at 431 nm</p>
    </notes>
  </parameter>
  <parameter metaid="metaid_0400046" id="e6c_NO" name="ext_6coord_NO" value="0.064" units="peruMpercm">
    <notes>
      <p xmlns="http://www.w3.org/1999/xhtml">micromolar extinction coefficient of the 6-coordinate ferrous nitrosyl species at 431 nm</p>
    </notes>
  </parameter>
  <parameter metaid="metaid_0500046" id="ext" name="extinction" units="percm" constant="false">
    <notes>
      <p xmlns="http://www.w3.org/1999/xhtml">extinction at 431 nm</p>
    </notes>
  </parameter>
</listOfParameters><listOfRules>
  <assignmentRule metaid="_481412" variable="NO_sGC_5coord_tot">
    <math xmlns="http://www.w3.org/1998/Math/MathML">
      <apply>
        <plus/>
        <ci> NO_sGCfast_5coord </ci>
        <ci> NO_sGCslow_5coord </ci>
      </apply>
    </math>
  </assignmentRule>
  <assignmentRule metaid="_481413" variable="sGC_inact_tot">
    <math xmlns="http://www.w3.org/1998/Math/MathML">
      <apply>
        <plus/>
        <ci> sGCfast </ci>
        <ci> NO_sGCfast </ci>
        <ci> NO_sGCfast_6coord </ci>
        <ci> sGCslow </ci>
        <ci> NO_sGCslow </ci>
        <ci> NO_sGCslow_6coord </ci>
        <ci> NO_sGCslow_6coord_NO_int </ci>
      </apply>
    </math>
  </assignmentRule>
  <assignmentRule metaid="_581413" variable="ext">
    <math xmlns="http://www.w3.org/1998/Math/MathML">
      <apply>
        <plus/>
        <apply>
          <times/>
          <ci> e5c </ci>
          <apply>
            <plus/>
            <ci> sGCfast </ci>
            <ci> NO_sGCfast </ci>
            <ci> sGCslow </ci>
            <ci> NO_sGCslow </ci>
          </apply>
        </apply>
        <apply>
          <times/>
          <ci> e5c_NO </ci>
          <apply>
            <plus/>
            <ci> NO_sGCfast_5coord </ci>
            <ci> NO_sGCslow_5coord </ci>
          </apply>
        </apply>
        <apply>
          <times/>
          <ci> e6c_NO </ci>
          <apply>
            <plus/>
            <ci> NO_sGCfast_6coord </ci>
            <ci> NO_sGCslow_6coord </ci>
            <ci> NO_sGCslow_6coord_NO_int </ci>
          </apply>
        </apply>
      </apply>
    </math>
  </assignmentRule>
</listOfRules><listOfReactions>
  <reaction metaid="metaid_0000047" id="r1fast" name="r1fast" sboTerm="SBO:0000177">
    <listOfReactants>
      <speciesReference species="NO"/>
      <speciesReference species="sGCfast"/>
    </listOfReactants>
    <listOfProducts>
      <speciesReference species="NO_sGCfast"/>
    </listOfProducts>
    <kineticLaw>
      <math xmlns="http://www.w3.org/1998/Math/MathML">
        <apply>
          <times/>
          <ci> cytosol </ci>
          <apply>
            <minus/>
            <apply>
              <times/>
              <ci> k1 </ci>
              <ci> NO </ci>
              <ci> sGCfast </ci>
            </apply>
            <apply>
              <times/>
              <ci> k2 </ci>
              <ci> NO_sGCfast </ci>
            </apply>
          </apply>
        </apply>
      </math>
    </kineticLaw>
  </reaction>
  <reaction metaid="metaid_0000048" id="r2fast" name="r2fast" reversible="false" sboTerm="SBO:0000181">
    <listOfReactants>
      <speciesReference species="NO_sGCfast"/>
    </listOfReactants>
    <listOfProducts>
      <speciesReference species="NO_sGCfast_6coord"/>
    </listOfProducts>
    <kineticLaw>
      <math xmlns="http://www.w3.org/1998/Math/MathML">
        <apply>
          <times/>
          <ci> k3 </ci>
          <ci> cytosol </ci>
          <ci> NO_sGCfast </ci>
        </apply>
      </math>
    </kineticLaw>
  </reaction>
  <reaction metaid="metaid_0000049" id="r3fast" name="r3fast" sboTerm="SBO:0000181">
    <listOfReactants>
      <speciesReference species="NO_sGCfast_6coord"/>
    </listOfReactants>
    <listOfProducts>
      <speciesReference species="NO_sGCfast_5coord"/>
    </listOfProducts>
    <kineticLaw>
      <math xmlns="http://www.w3.org/1998/Math/MathML">
        <apply>
          <times/>
          <ci> cytosol </ci>
          <apply>
            <minus/>
            <apply>
              <times/>
              <ci> k4 </ci>
              <ci> NO_sGCfast_6coord </ci>
            </apply>
            <apply>
              <times/>
              <ci> k5 </ci>
              <ci> NO_sGCfast_5coord </ci>
            </apply>
          </apply>
        </apply>
      </math>
    </kineticLaw>
  </reaction>
  <reaction metaid="metaid_0000050" id="r1slow" name="r1slow" sboTerm="SBO:0000177">
    <listOfReactants>
      <speciesReference species="NO"/>
      <speciesReference species="sGCslow"/>
    </listOfReactants>
    <listOfProducts>
      <speciesReference species="NO_sGCslow"/>
    </listOfProducts>
    <kineticLaw>
      <math xmlns="http://www.w3.org/1998/Math/MathML">
        <apply>
          <times/>
          <ci> cytosol </ci>
          <apply>
            <minus/>
            <apply>
              <times/>
              <ci> k6 </ci>
              <ci> NO </ci>
              <ci> sGCslow </ci>
            </apply>
            <apply>
              <times/>
              <ci> k7 </ci>
              <ci> NO_sGCslow </ci>
            </apply>
          </apply>
        </apply>
      </math>
    </kineticLaw>
  </reaction>
  <reaction metaid="metaid_0000051" id="r2slow" name="r2slow" reversible="false" sboTerm="SBO:0000181">
    <listOfReactants>
      <speciesReference species="NO_sGCslow"/>
    </listOfReactants>
    <listOfProducts>
      <speciesReference species="NO_sGCslow_6coord"/>
    </listOfProducts>
    <kineticLaw>
      <math xmlns="http://www.w3.org/1998/Math/MathML">
        <apply>
          <times/>
          <ci> k8 </ci>
          <ci> cytosol </ci>
          <ci> NO_sGCslow </ci>
        </apply>
      </math>
    </kineticLaw>
  </reaction>
  <reaction metaid="metaid_0000052" id="r3slow" name="r3slow" sboTerm="SBO:0000177">
    <listOfReactants>
      <speciesReference species="NO"/>
      <speciesReference species="NO_sGCslow_6coord"/>
    </listOfReactants>
    <listOfProducts>
      <speciesReference species="NO_sGCslow_6coord_NO_int"/>
    </listOfProducts>
    <kineticLaw>
      <math xmlns="http://www.w3.org/1998/Math/MathML">
        <apply>
          <times/>
          <ci> cytosol </ci>
          <apply>
            <minus/>
            <apply>
              <times/>
              <ci> k9 </ci>
              <ci> NO </ci>
              <ci> NO_sGCslow_6coord </ci>
            </apply>
            <apply>
              <times/>
              <ci> k10 </ci>
              <ci> NO_sGCslow_6coord_NO_int </ci>
            </apply>
          </apply>
        </apply>
      </math>
    </kineticLaw>
  </reaction>
  <reaction metaid="metaid_0000053" id="r4slow" name="r4slow" sboTerm="SBO:0000181">
    <listOfReactants>
      <speciesReference species="NO_sGCslow_6coord_NO_int"/>
    </listOfReactants>
    <listOfProducts>
      <speciesReference species="NO_sGCslow_5coord"/>
    </listOfProducts>
    <kineticLaw>
      <math xmlns="http://www.w3.org/1998/Math/MathML">
        <apply>
          <times/>
          <ci> cytosol </ci>
          <apply>
            <minus/>
            <apply>
              <times/>
              <ci> k11 </ci>
              <ci> NO_sGCslow_6coord_NO_int </ci>
            </apply>
            <apply>
              <times/>
              <ci> k12 </ci>
              <ci> NO_sGCslow_5coord </ci>
            </apply>
          </apply>
        </apply>
      </math>
    </kineticLaw>
  </reaction>
</listOfReactions>
</model>
</sbml>
