<?xml version="1.0" encoding="UTF-8"?>
<sbml xmlns="http://www.sbml.org/sbml/level2/version3" metaid="metaid_0000001" level="2" version="3">
  <model metaid="metaid_0000002" id="TM" name="Ibrahim2008_Cdc20 Sequestring Template Model">
    <notes>
      <body xmlns="http://www.w3.org/1999/xhtml">
        <i>Biophysical Chemistry 134 (2008) 93-100</i>
        <h1>Mad2 binding is not sufficient for complete Cdc20 sequestering in mitotic transition control (an 
        
        
        
        
    
        
        
        <i>in silico</i> study)</h1>
        <br/>
		Bashar Ibrahim, Peter Dittrich, Stephan Diekmann, Eberhard Schmitt
        
        
        
        
    
        
        
        <br/>
        <p>This model originates from BioModels Database: A Database of Annotated Published Models. It is copyright (c) 2005-2009 The BioModels Team.<br/>For more information see the <a href="http://www.ebi.ac.uk/biomodels/legal.html" target="_blank">terms of use</a>.<br/>To cite BioModels Database, please use <a href="http://www.pubmedcentral.nih.gov/articlerender.fcgi?tool=pubmed&amp;pubmedid=16381960" target="_blank">Le Novère N., Bornstein B., Broicher A., Courtot M., Donizelli M., Dharuri H., Li L., Sauro H., Schilstra M., Shapiro B., Snoep J.L., Hucka M. (2006) BioModels Database: A Free, Centralized Database of Curated, Published, Quantitative Kinetic Models of Biochemical and Cellular Systems Nucleic Acids Res., 34: D689-D691.</a>
      </p>
    </body>
  </notes>
  <annotation>
    <arcadia:listoflayouts xmlns:arcadia="http://www.arcadia.org/ns">
      <arcadia:layout arcadia:name="Default Layout">
        <arcadia:container arcadia:strategy="Hierarchy">
          <arcadia:container arcadia:strategy="Hierarchy" arcadia:sbmlid="Cytoplasm">
            <arcadia:clone arcadia:sbmlid="Mad1_CMad2" arcadia:x="-14" arcadia:y="34"/>
            <arcadia:clone arcadia:sbmlid="OMad2" arcadia:x="196" arcadia:y="136"/>
            <arcadia:clone arcadia:sbmlid="Mad1_CMad2_OMad2" arcadia:x="-76" arcadia:y="-79"/>
            <arcadia:clone arcadia:sbmlid="Cdc20" arcadia:x="194" arcadia:y="-84"/>
            <arcadia:clone arcadia:sbmlid="Cdc20_CMad2" arcadia:x="107" arcadia:y="33"/>
            <arcadia:clone arcadia:sbmlid="R6" arcadia:x="-65" arcadia:y="136"/>
            <arcadia:clone arcadia:sbmlid="R7" arcadia:x="36" arcadia:y="-69"/>
            <arcadia:clone arcadia:sbmlid="R8" arcadia:x="182" arcadia:y="32"/>
          </arcadia:container>
        </arcadia:container>
      </arcadia:layout>
    </arcadia:listoflayouts>
    <rdf:RDF xmlns:rdf="http://www.w3.org/1999/02/22-rdf-syntax-ns#" xmlns:dc="http://purl.org/dc/elements/1.1/" xmlns:dcterms="http://purl.org/dc/terms/" xmlns:vCard="http://www.w3.org/2001/vcard-rdf/3.0#" xmlns:bqbiol="http://biomodels.net/biology-qualifiers/" xmlns:bqmodel="http://biomodels.net/model-qualifiers/">
      <rdf:Description rdf:about="#metaid_0000002">
        <dc:creator rdf:parseType="Resource">
          <rdf:Bag>
            <rdf:li rdf:parseType="Resource">
              <vCard:N rdf:parseType="Resource">
                <vCard:Family>Endler</vCard:Family>
                <vCard:Given>Lukas</vCard:Given>
              </vCard:N>
              <vCard:EMAIL>lukas@ebi.ac.uk</vCard:EMAIL>
              <vCard:ORG>
                <vCard:Orgname>EMBL-EBI</vCard:Orgname>
              </vCard:ORG>
            </rdf:li>
            <rdf:li rdf:parseType="Resource">
              <vCard:N rdf:parseType="Resource">
                <vCard:Family>Schmitt</vCard:Family>
                <vCard:Given>Eberhard</vCard:Given>
              </vCard:N>
              <vCard:EMAIL>eschmitt@fli-leibniz.de</vCard:EMAIL>
              <vCard:ORG>
                <vCard:Orgname>Fritz Lipmann Institute, Jena, Germany</vCard:Orgname>
              </vCard:ORG>
            </rdf:li>
            <rdf:li rdf:parseType="Resource">
              <vCard:N rdf:parseType="Resource">
                <vCard:Family>Dittrich</vCard:Family>
                <vCard:Given>Peter</vCard:Given>
              </vCard:N>
              <vCard:EMAIL>ditrich@minet.uni-jena.de</vCard:EMAIL>
              <vCard:ORG>
                <vCard:Orgname>Friedrich-Schiller-University Jena, Germany</vCard:Orgname>
              </vCard:ORG>
            </rdf:li>
            <rdf:li rdf:parseType="Resource">
              <vCard:N rdf:parseType="Resource">
                <vCard:Family>Diekmann</vCard:Family>
                <vCard:Given>Stephan</vCard:Given>
              </vCard:N>
              <vCard:EMAIL>diekmann@fli-leibniz.de</vCard:EMAIL>
              <vCard:ORG>
                <vCard:Orgname>Fritz Lipmann Institute, Jena, Germany</vCard:Orgname>
              </vCard:ORG>
            </rdf:li>
            <rdf:li rdf:parseType="Resource">
              <vCard:N rdf:parseType="Resource">
                <vCard:Family>Ibrahim</vCard:Family>
                <vCard:Given>Bashar</vCard:Given>
              </vCard:N>
              <vCard:EMAIL>b.ibrahim@dkfz.de</vCard:EMAIL>
              <vCard:ORG>
                <vCard:Orgname>German Cancer Research Center, Heidelberg</vCard:Orgname>
              </vCard:ORG>
            </rdf:li>
          </rdf:Bag>
        </dc:creator>
        <dcterms:created rdf:parseType="Resource">
          <dcterms:W3CDTF>2008-09-11T20:58:11Z</dcterms:W3CDTF>
        </dcterms:created>
        <dcterms:modified rdf:parseType="Resource">
          <dcterms:W3CDTF>2008-12-02T14:42:40Z</dcterms:W3CDTF>
        </dcterms:modified>
        <bqmodel:is>
          <rdf:Bag>
            <rdf:li rdf:resource="urn:miriam:biomodels.db:BIOMD0000000194"/>
          </rdf:Bag>
        </bqmodel:is>
        <bqmodel:isDescribedBy>
          <rdf:Bag>
            <rdf:li rdf:resource="urn:miriam:pubmed:18295960"/>
          </rdf:Bag>
        </bqmodel:isDescribedBy>
        <bqbiol:isVersionOf>
          <rdf:Bag>
            <rdf:li rdf:resource="urn:miriam:reactome:REACT_2137.2"/>
            <rdf:li rdf:resource="urn:miriam:obo.go:GO%3A0007094"/>
          </rdf:Bag>
        </bqbiol:isVersionOf>
        <bqbiol:isPartOf>
          <rdf:Bag>
            <rdf:li rdf:resource="urn:miriam:kegg.pathway:hsa04110"/>
          </rdf:Bag>
        </bqbiol:isPartOf>
        <bqbiol:occursIn>
          <rdf:Bag>
            <rdf:li rdf:resource="urn:miriam:taxonomy:9606"/>
          </rdf:Bag>
        </bqbiol:occursIn>
      </rdf:Description>
    </rdf:RDF>
    <listOfLayouts xmlns="http://projects.eml.org/bcb/sbml/level2" xmlns:xsi="http://www.w3.org/2001/XMLSchema-instance">
      <layout id="Arcadia_Layout_0">
        <dimensions width="493" height="388"/>
        <listOfCompartmentGlyphs>
          <compartmentGlyph id="CG_0" compartment="Cytoplasm">
            <boundingBox id="bbc_0">
              <position x="21" y="21"/>
              <dimensions width="451" height="346"/>
            </boundingBox>
          </compartmentGlyph>
        </listOfCompartmentGlyphs>
        <listOfSpeciesGlyphs>
          <speciesGlyph id="SG_0_0" species="Mad1_CMad2">
            <boundingBox id="bbs_0_0">
              <position x="144" y="190"/>
              <dimensions width="106" height="44"/>
            </boundingBox>
          </speciesGlyph>
          <speciesGlyph id="SG_1_0" species="OMad2">
            <boundingBox id="bbs_1_0">
              <position x="373" y="292"/>
              <dimensions width="69" height="44"/>
            </boundingBox>
          </speciesGlyph>
          <speciesGlyph id="SG_2_0" species="Mad1_CMad2_OMad2">
            <boundingBox id="bbs_2_0">
              <position x="52" y="77"/>
              <dimensions width="166" height="44"/>
            </boundingBox>
          </speciesGlyph>
          <speciesGlyph id="SG_3_0" species="Cdc20">
            <boundingBox id="bbs_3_0">
              <position x="375" y="72"/>
              <dimensions width="61" height="44"/>
            </boundingBox>
          </speciesGlyph>
          <speciesGlyph id="SG_4_0" species="Cdc20_CMad2">
            <boundingBox id="bbs_4_0">
              <position x="261" y="189"/>
              <dimensions width="114" height="44"/>
            </boundingBox>
          </speciesGlyph>
        </listOfSpeciesGlyphs>
        <listOfReactionGlyphs>
          <reactionGlyph id="RG_0" reaction="R6">
            <curve>
              <listOfCurveSegments>
                <curveSegment xsi:type="LineSegment">
                  <start x="146" y="314"/>
                  <end x="146" y="314"/>
                </curveSegment>
              </listOfCurveSegments>
            </curve>
            <listOfSpeciesReferenceGlyphs>
              <speciesReferenceGlyph id="SR_0_0" speciesGlyph="SG_0_0" role="substrate">
                <curve>
                  <listOfCurveSegments>
                    <curveSegment xsi:type="LineSegment">
                      <start x="189" y="234"/>
                      <end x="158" y="314"/>
                    </curveSegment>
                    <curveSegment xsi:type="LineSegment">
                      <start x="158" y="314"/>
                      <end x="146" y="314"/>
                    </curveSegment>
                  </listOfCurveSegments>
                </curve>
              </speciesReferenceGlyph>
              <speciesReferenceGlyph id="SR_0_1" speciesGlyph="SG_1_0" role="substrate">
                <curve>
                  <listOfCurveSegments>
                    <curveSegment xsi:type="LineSegment">
                      <start x="372" y="314"/>
                      <end x="158" y="314"/>
                    </curveSegment>
                    <curveSegment xsi:type="LineSegment">
                      <start x="158" y="314"/>
                      <end x="146" y="314"/>
                    </curveSegment>
                  </listOfCurveSegments>
                </curve>
              </speciesReferenceGlyph>
              <speciesReferenceGlyph id="SR_0_2" speciesGlyph="SG_2_0" role="product">
                <curve>
                  <listOfCurveSegments>
                    <curveSegment xsi:type="LineSegment">
                      <start x="146" y="314"/>
                      <end x="134" y="314"/>
                    </curveSegment>
                    <curveSegment xsi:type="LineSegment">
                      <start x="134" y="314"/>
                      <end x="135" y="121"/>
                    </curveSegment>
                  </listOfCurveSegments>
                </curve>
              </speciesReferenceGlyph>
            </listOfSpeciesReferenceGlyphs>
          </reactionGlyph>
          <reactionGlyph id="RG_1" reaction="R7">
            <curve>
              <listOfCurveSegments>
                <curveSegment xsi:type="LineSegment">
                  <start x="247" y="109"/>
                  <end x="247" y="109"/>
                </curveSegment>
              </listOfCurveSegments>
            </curve>
            <listOfSpeciesReferenceGlyphs>
              <speciesReferenceGlyph id="SR_1_0" speciesGlyph="SG_2_0" role="substrate">
                <curve>
                  <listOfCurveSegments>
                    <curveSegment xsi:type="LineSegment">
                      <start x="218" y="98"/>
                      <end x="247" y="97"/>
                    </curveSegment>
                    <curveSegment xsi:type="LineSegment">
                      <start x="247" y="97"/>
                      <end x="247" y="109"/>
                    </curveSegment>
                  </listOfCurveSegments>
                </curve>
              </speciesReferenceGlyph>
              <speciesReferenceGlyph id="SR_1_1" speciesGlyph="SG_3_0" role="substrate">
                <curve>
                  <listOfCurveSegments>
                    <curveSegment xsi:type="LineSegment">
                      <start x="375" y="95"/>
                      <end x="247" y="97"/>
                    </curveSegment>
                    <curveSegment xsi:type="LineSegment">
                      <start x="247" y="97"/>
                      <end x="247" y="109"/>
                    </curveSegment>
                  </listOfCurveSegments>
                </curve>
              </speciesReferenceGlyph>
              <speciesReferenceGlyph id="SR_1_2" speciesGlyph="SG_0_0" role="product">
                <curve>
                  <listOfCurveSegments>
                    <curveSegment xsi:type="LineSegment">
                      <start x="247" y="109"/>
                      <end x="247" y="121"/>
                    </curveSegment>
                    <curveSegment xsi:type="LineSegment">
                      <start x="247" y="121"/>
                      <end x="209" y="190"/>
                    </curveSegment>
                  </listOfCurveSegments>
                </curve>
              </speciesReferenceGlyph>
              <speciesReferenceGlyph id="SR_1_3" speciesGlyph="SG_4_0" role="product">
                <curve>
                  <listOfCurveSegments>
                    <curveSegment xsi:type="LineSegment">
                      <start x="247" y="109"/>
                      <end x="247" y="121"/>
                    </curveSegment>
                    <curveSegment xsi:type="LineSegment">
                      <start x="247" y="121"/>
                      <end x="301" y="189"/>
                    </curveSegment>
                  </listOfCurveSegments>
                </curve>
              </speciesReferenceGlyph>
            </listOfSpeciesReferenceGlyphs>
          </reactionGlyph>
          <reactionGlyph id="RG_2" reaction="R8">
            <curve>
              <listOfCurveSegments>
                <curveSegment xsi:type="LineSegment">
                  <start x="393" y="210"/>
                  <end x="393" y="210"/>
                </curveSegment>
              </listOfCurveSegments>
            </curve>
            <listOfSpeciesReferenceGlyphs>
              <speciesReferenceGlyph id="SR_2_0" speciesGlyph="SG_4_0" role="substrate">
                <curve>
                  <listOfCurveSegments>
                    <curveSegment xsi:type="LineSegment">
                      <start x="375" y="210"/>
                      <end x="381" y="210"/>
                    </curveSegment>
                    <curveSegment xsi:type="LineSegment">
                      <start x="381" y="210"/>
                      <end x="393" y="210"/>
                    </curveSegment>
                  </listOfCurveSegments>
                </curve>
              </speciesReferenceGlyph>
              <speciesReferenceGlyph id="SR_2_1" speciesGlyph="SG_3_0" role="product">
                <curve>
                  <listOfCurveSegments>
                    <curveSegment xsi:type="LineSegment">
                      <start x="393" y="210"/>
                      <end x="405" y="210"/>
                    </curveSegment>
                    <curveSegment xsi:type="LineSegment">
                      <start x="405" y="210"/>
                      <end x="405" y="116"/>
                    </curveSegment>
                  </listOfCurveSegments>
                </curve>
              </speciesReferenceGlyph>
              <speciesReferenceGlyph id="SR_2_2" speciesGlyph="SG_1_0" role="product">
                <curve>
                  <listOfCurveSegments>
                    <curveSegment xsi:type="LineSegment">
                      <start x="393" y="210"/>
                      <end x="405" y="210"/>
                    </curveSegment>
                    <curveSegment xsi:type="LineSegment">
                      <start x="405" y="210"/>
                      <end x="406" y="292"/>
                    </curveSegment>
                  </listOfCurveSegments>
                </curve>
              </speciesReferenceGlyph>
            </listOfSpeciesReferenceGlyphs>
          </reactionGlyph>
        </listOfReactionGlyphs>
        <listOfTextGlyphs>
          <textGlyph id="TGS_0_0" graphicalObject="SG_0_0" originOfText="Mad1_CMad2">
            <boundingBox id="bbs_0_0">
              <position x="144" y="190"/>
              <dimensions width="106" height="44"/>
            </boundingBox>
          </textGlyph>
          <textGlyph id="TGS_1_0" graphicalObject="SG_1_0" originOfText="OMad2">
            <boundingBox id="bbs_1_0">
              <position x="373" y="292"/>
              <dimensions width="69" height="44"/>
            </boundingBox>
          </textGlyph>
          <textGlyph id="TGS_2_0" graphicalObject="SG_2_0" originOfText="Mad1_CMad2_OMad2">
            <boundingBox id="bbs_2_0">
              <position x="52" y="77"/>
              <dimensions width="166" height="44"/>
            </boundingBox>
          </textGlyph>
          <textGlyph id="TGS_3_0" graphicalObject="SG_3_0" originOfText="Cdc20">
            <boundingBox id="bbs_3_0">
              <position x="375" y="72"/>
              <dimensions width="61" height="44"/>
            </boundingBox>
          </textGlyph>
          <textGlyph id="TGS_4_0" graphicalObject="SG_4_0" originOfText="Cdc20_CMad2">
            <boundingBox id="bbs_4_0">
              <position x="261" y="189"/>
              <dimensions width="114" height="44"/>
            </boundingBox>
          </textGlyph>
          <textGlyph id="TGC_0" graphicalObject="CG_0" originOfText="Cytoplasm">
            <boundingBox id="bbl_0">
              <position x="33" y="33"/>
              <dimensions width="67" height="20"/>
            </boundingBox>
          </textGlyph>
        </listOfTextGlyphs>
      </layout>
    </listOfLayouts>
  </annotation>
  <listOfUnitDefinitions>
    <unitDefinition metaid="metaid_0000042" id="ps" name="per second">
      <listOfUnits>
        <unit kind="second" exponent="-1"/>
      </listOfUnits>
    </unitDefinition>
    <unitDefinition metaid="metaid_0000043" id="pMps" name=" liter per mole per second">
      <listOfUnits>
        <unit kind="litre"/>
        <unit kind="mole" exponent="-1"/>
        <unit kind="second" exponent="-1"/>
      </listOfUnits>
    </unitDefinition>
  </listOfUnitDefinitions>
  <listOfCompartments>
    <compartment metaid="metaid_0000014" id="Cytoplasm" name="Cytoplasm" size="1">
      <annotation>
        <rdf:RDF xmlns:rdf="http://www.w3.org/1999/02/22-rdf-syntax-ns#" xmlns:dc="http://purl.org/dc/elements/1.1/" xmlns:dcterms="http://purl.org/dc/terms/" xmlns:vCard="http://www.w3.org/2001/vcard-rdf/3.0#" xmlns:bqbiol="http://biomodels.net/biology-qualifiers/" xmlns:bqmodel="http://biomodels.net/model-qualifiers/">
          <rdf:Description rdf:about="#metaid_0000014">
            <bqbiol:is>
              <rdf:Bag>
                <rdf:li rdf:resource="urn:miriam:obo.go:GO%3A0005737"/>
              </rdf:Bag>
            </bqbiol:is>
          </rdf:Description>
        </rdf:RDF>
      </annotation>
    </compartment>
  </listOfCompartments>
  <listOfSpecies>
    <species metaid="metaid_0000015" id="Mad1_CMad2" name="Mad1:C-Mad2" compartment="Cytoplasm" initialConcentration="5e-08" substanceUnits="mole" sboTerm="SBO:0000297">
      <annotation>
        <rdf:RDF xmlns:rdf="http://www.w3.org/1999/02/22-rdf-syntax-ns#" xmlns:dc="http://purl.org/dc/elements/1.1/" xmlns:dcterms="http://purl.org/dc/terms/" xmlns:vCard="http://www.w3.org/2001/vcard-rdf/3.0#" xmlns:bqbiol="http://biomodels.net/biology-qualifiers/" xmlns:bqmodel="http://biomodels.net/model-qualifiers/">
          <rdf:Description rdf:about="#metaid_0000015">
            <bqbiol:hasPart>
              <rdf:Bag>
                <rdf:li rdf:resource="urn:miriam:uniprot:Q13257"/>
                <rdf:li rdf:resource="urn:miriam:uniprot:Q9Y6D9"/>
              </rdf:Bag>
            </bqbiol:hasPart>
          </rdf:Description>
        </rdf:RDF>
      </annotation>
    </species>
    <species metaid="metaid_0000016" id="OMad2" name="O-Mad2" compartment="Cytoplasm" initialConcentration="1.5e-07" substanceUnits="mole">
      <notes>
        <p xmlns="http://www.w3.org/1999/xhtml">Open conformation of Mad2</p>
      </notes>
      <annotation>
        <rdf:RDF xmlns:rdf="http://www.w3.org/1999/02/22-rdf-syntax-ns#" xmlns:dc="http://purl.org/dc/elements/1.1/" xmlns:dcterms="http://purl.org/dc/terms/" xmlns:vCard="http://www.w3.org/2001/vcard-rdf/3.0#" xmlns:bqbiol="http://biomodels.net/biology-qualifiers/" xmlns:bqmodel="http://biomodels.net/model-qualifiers/">
          <rdf:Description rdf:about="#metaid_0000016">
            <bqbiol:isVersionOf>
              <rdf:Bag>
                <rdf:li rdf:resource="urn:miriam:uniprot:Q13257"/>
              </rdf:Bag>
            </bqbiol:isVersionOf>
          </rdf:Description>
        </rdf:RDF>
      </annotation>
    </species>
    <species metaid="metaid_0000017" id="Mad1_CMad2_OMad2" name="Mad1:C-Mad2:O-Mad2*" compartment="Cytoplasm" initialConcentration="0" substanceUnits="mole" sboTerm="SBO:0000297">
      <annotation>
        <rdf:RDF xmlns:rdf="http://www.w3.org/1999/02/22-rdf-syntax-ns#" xmlns:dc="http://purl.org/dc/elements/1.1/" xmlns:dcterms="http://purl.org/dc/terms/" xmlns:vCard="http://www.w3.org/2001/vcard-rdf/3.0#" xmlns:bqbiol="http://biomodels.net/biology-qualifiers/" xmlns:bqmodel="http://biomodels.net/model-qualifiers/">
          <rdf:Description rdf:about="#metaid_0000017">
            <bqbiol:hasPart>
              <rdf:Bag>
                <rdf:li rdf:resource="urn:miriam:uniprot:Q13257"/>
                <rdf:li rdf:resource="urn:miriam:uniprot:Q9Y6D9"/>
              </rdf:Bag>
            </bqbiol:hasPart>
          </rdf:Description>
        </rdf:RDF>
      </annotation>
    </species>
    <species metaid="metaid_0000018" id="Cdc20" name="Cdc20" compartment="Cytoplasm" initialConcentration="2.2e-07" substanceUnits="mole">
      <annotation>
        <rdf:RDF xmlns:rdf="http://www.w3.org/1999/02/22-rdf-syntax-ns#" xmlns:dc="http://purl.org/dc/elements/1.1/" xmlns:dcterms="http://purl.org/dc/terms/" xmlns:vCard="http://www.w3.org/2001/vcard-rdf/3.0#" xmlns:bqbiol="http://biomodels.net/biology-qualifiers/" xmlns:bqmodel="http://biomodels.net/model-qualifiers/">
          <rdf:Description rdf:about="#metaid_0000018">
            <bqbiol:isVersionOf>
              <rdf:Bag>
                <rdf:li rdf:resource="urn:miriam:uniprot:Q12834"/>
              </rdf:Bag>
            </bqbiol:isVersionOf>
          </rdf:Description>
        </rdf:RDF>
      </annotation>
    </species>
    <species metaid="metaid_0000019" id="Cdc20_CMad2" name="Cdc20:C-Mad2" compartment="Cytoplasm" initialConcentration="0" substanceUnits="mole" sboTerm="SBO:0000297">
      <annotation>
        <rdf:RDF xmlns:rdf="http://www.w3.org/1999/02/22-rdf-syntax-ns#" xmlns:dc="http://purl.org/dc/elements/1.1/" xmlns:dcterms="http://purl.org/dc/terms/" xmlns:vCard="http://www.w3.org/2001/vcard-rdf/3.0#" xmlns:bqbiol="http://biomodels.net/biology-qualifiers/" xmlns:bqmodel="http://biomodels.net/model-qualifiers/">
          <rdf:Description rdf:about="#metaid_0000019">
            <bqbiol:hasPart>
              <rdf:Bag>
                <rdf:li rdf:resource="urn:miriam:uniprot:Q13257"/>
                <rdf:li rdf:resource="urn:miriam:uniprot:Q12834"/>
              </rdf:Bag>
            </bqbiol:hasPart>
          </rdf:Description>
        </rdf:RDF>
      </annotation>
    </species>
  </listOfSpecies>
  <listOfParameters>
    <parameter metaid="metaid_0000003" id="eta_T" value="0.01" units="ps" sboTerm="SBO:0000338"/>
    <parameter metaid="metaid_0000008" id="gamma_T" value="1000000000" units="pMps" sboTerm="SBO:0000036"/>
    <parameter metaid="metaid_0000009" id="alpha_T" value="200000" units="pMps" sboTerm="SBO:0000339"/>
    <parameter metaid="metaid_0000010" id="beta_T" value="0.2" units="ps" sboTerm="SBO:0000338"/>
    <parameter metaid="metaid_0000007" id="u" value="1" units="dimensionless" constant="false">
      <notes>
        <body xmlns="http://www.w3.org/1999/xhtml">
          <i>u = 1 : kinetochore unattached</i>
          <br/>
          <i>u = 0 : kinetochore attached</i>
        </body>
      </notes>
    </parameter>
    <parameter metaid="metaid_0000044" id="const_val_0" value="0" units="dimensionless"/>
    <parameter metaid="metaid_0000045" id="const_val_1" value="1" units="dimensionless"/>
  </listOfParameters>
  <listOfReactions>
    <reaction metaid="metaid_0000023" id="R6">
      <annotation>
        <rdf:RDF xmlns:rdf="http://www.w3.org/1999/02/22-rdf-syntax-ns#" xmlns:dc="http://purl.org/dc/elements/1.1/" xmlns:dcterms="http://purl.org/dc/terms/" xmlns:vCard="http://www.w3.org/2001/vcard-rdf/3.0#" xmlns:bqbiol="http://biomodels.net/biology-qualifiers/" xmlns:bqmodel="http://biomodels.net/model-qualifiers/">
          <rdf:Description rdf:about="#metaid_0000023">
            <bqbiol:isVersionOf>
              <rdf:Bag>
                <rdf:li rdf:resource="urn:miriam:obo.go:GO%3A0032092"/>
                <rdf:li rdf:resource="urn:miriam:obo.go:GO%3A0043241"/>
                <rdf:li rdf:resource="urn:miriam:obo.go:GO%3A0006461"/>
              </rdf:Bag>
            </bqbiol:isVersionOf>
          </rdf:Description>
        </rdf:RDF>
      </annotation>
      <listOfReactants>
        <speciesReference species="Mad1_CMad2"/>
        <speciesReference species="OMad2"/>
      </listOfReactants>
      <listOfProducts>
        <speciesReference species="Mad1_CMad2_OMad2"/>
      </listOfProducts>
      <kineticLaw sboTerm="SBO:0000101">
        <math xmlns="http://www.w3.org/1998/Math/MathML">
          <apply>
            <times/>
            <ci> Cytoplasm </ci>
            <apply>
              <minus/>
              <apply>
                <times/>
                <ci> u </ci>
                <ci> alpha_T </ci>
                <ci> Mad1_CMad2 </ci>
                <ci> OMad2 </ci>
              </apply>
              <apply>
                <times/>
                <ci> beta_T </ci>
                <ci> Mad1_CMad2_OMad2 </ci>
              </apply>
            </apply>
          </apply>
        </math>
      </kineticLaw>
    </reaction>
    <reaction metaid="metaid_0000024" id="R7" reversible="false">
      <annotation>
        <rdf:RDF xmlns:rdf="http://www.w3.org/1999/02/22-rdf-syntax-ns#" xmlns:dc="http://purl.org/dc/elements/1.1/" xmlns:dcterms="http://purl.org/dc/terms/" xmlns:vCard="http://www.w3.org/2001/vcard-rdf/3.0#" xmlns:bqbiol="http://biomodels.net/biology-qualifiers/" xmlns:bqmodel="http://biomodels.net/model-qualifiers/">
          <rdf:Description rdf:about="#metaid_0000024">
            <bqbiol:isVersionOf>
              <rdf:Bag>
                <rdf:li rdf:resource="urn:miriam:obo.go:GO%3A0032092"/>
                <rdf:li rdf:resource="urn:miriam:obo.go:GO%3A0006461"/>
              </rdf:Bag>
            </bqbiol:isVersionOf>
          </rdf:Description>
        </rdf:RDF>
      </annotation>
      <listOfReactants>
        <speciesReference species="Mad1_CMad2_OMad2"/>
        <speciesReference species="Cdc20"/>
      </listOfReactants>
      <listOfProducts>
        <speciesReference species="Mad1_CMad2"/>
        <speciesReference species="Cdc20_CMad2"/>
      </listOfProducts>
      <kineticLaw sboTerm="SBO:0000054">
        <math xmlns="http://www.w3.org/1998/Math/MathML">
          <apply>
            <times/>
            <ci> Cytoplasm </ci>
            <ci> u </ci>
            <ci> gamma_T </ci>
            <ci> Mad1_CMad2_OMad2 </ci>
            <ci> Cdc20 </ci>
          </apply>
        </math>
      </kineticLaw>
    </reaction>
    <reaction metaid="metaid_0000025" id="R8" reversible="false">
      <annotation>
        <rdf:RDF xmlns:rdf="http://www.w3.org/1999/02/22-rdf-syntax-ns#" xmlns:dc="http://purl.org/dc/elements/1.1/" xmlns:dcterms="http://purl.org/dc/terms/" xmlns:vCard="http://www.w3.org/2001/vcard-rdf/3.0#" xmlns:bqbiol="http://biomodels.net/biology-qualifiers/" xmlns:bqmodel="http://biomodels.net/model-qualifiers/">
          <rdf:Description rdf:about="#metaid_0000025">
            <bqbiol:isVersionOf>
              <rdf:Bag>
                <rdf:li rdf:resource="urn:miriam:obo.go:GO%3A0043241"/>
              </rdf:Bag>
            </bqbiol:isVersionOf>
          </rdf:Description>
        </rdf:RDF>
      </annotation>
      <listOfReactants>
        <speciesReference species="Cdc20_CMad2"/>
      </listOfReactants>
      <listOfProducts>
        <speciesReference species="Cdc20"/>
        <speciesReference species="OMad2"/>
      </listOfProducts>
      <kineticLaw sboTerm="SBO:0000049">
        <math xmlns="http://www.w3.org/1998/Math/MathML">
          <apply>
            <times/>
            <ci> Cytoplasm </ci>
            <ci> eta_T </ci>
            <ci> Cdc20_CMad2 </ci>
          </apply>
        </math>
      </kineticLaw>
    </reaction>
  </listOfReactions>
  <listOfEvents>
    <event metaid="metaid_0000031" id="mt_attachment" name="Microtubule attachment">
      <annotation>
        <rdf:RDF xmlns:rdf="http://www.w3.org/1999/02/22-rdf-syntax-ns#" xmlns:dc="http://purl.org/dc/elements/1.1/" xmlns:dcterms="http://purl.org/dc/terms/" xmlns:vCard="http://www.w3.org/2001/vcard-rdf/3.0#" xmlns:bqbiol="http://biomodels.net/biology-qualifiers/" xmlns:bqmodel="http://biomodels.net/model-qualifiers/">
          <rdf:Description rdf:about="#metaid_0000031">
            <bqbiol:is>
              <rdf:Bag>
                <rdf:li rdf:resource="urn:miriam:obo.go:GO%3A0008608"/>
              </rdf:Bag>
            </bqbiol:is>
          </rdf:Description>
        </rdf:RDF>
      </annotation>
      <trigger>
        <math xmlns="http://www.w3.org/1998/Math/MathML">
          <apply>
            <gt/>
            <csymbol encoding="text" definitionURL="http://www.sbml.org/sbml/symbols/time"> time </csymbol>
            <cn> 2000 </cn>
          </apply>
        </math>
      </trigger>
      <listOfEventAssignments>
        <eventAssignment variable="u">
          <math xmlns="http://www.w3.org/1998/Math/MathML">
            <ci> const_val_0 </ci>
          </math>
        </eventAssignment>
      </listOfEventAssignments>
    </event>
  </listOfEvents>
</model>
</sbml>
