<?xml version="1.0" encoding="UTF-8"?>
<sbml xmlns="http://www.sbml.org/sbml/level2/version4" metaid="metaid_0000002" level="2" version="4">
  <model metaid="metaid_0000001" id="ICC" name="meyer1991_ICC_buffered">
    <notes>
      <body xmlns="http://www.w3.org/1999/xhtml">
        <p>
      This a model from the article:
      <br/>
        <strong> Calcium spiking. 
</strong>
        <br/>
Meyer T, Stryer L 
      <em>Annu Rev Biophys Biophys Chem</em>1991:20:153-74 
      <a href="http://www.ncbi.nlm.nih.gov/pubmed/1867714">1867714</a>,
      <br/>
        <strong>Abstract:</strong>
        <br/>
No Abstract Available
<p>The IP3-Ca2+ Crosscoupling Model (ICC) is reviewed by Meyer and Stryer in 1991 (PMID: 1867714).
Set Parameters refer to figures 5 and 6 of the article which were reproduced by using Copasi 4.5 (Build 30).
Species CaI and IP3 are buffered to 1% and 50% percent, respectively.</p>
      </p>
      <p>This model originates from BioModels Database: A Database of Annotated Published Models. It is copyright (c) 2005-2009 The BioModels Team.<br/>For more information see the <a href="http://www.ebi.ac.uk/biomodels/legal.html" target="_blank">terms of use</a>.<br/>To cite BioModels Database, please use <a href="http://www.pubmedcentral.nih.gov/articlerender.fcgi?tool=pubmed&amp;pubmedid=16381960" target="_blank">Le Novère N., Bornstein B., Broicher A., Courtot M., Donizelli M., Dharuri H., Li L., Sauro H., Schilstra M., Shapiro B., Snoep J.L., Hucka M. (2006) BioModels Database: A Free, Centralized Database of Curated, Published, Quantitative Kinetic Models of Biochemical and Cellular Systems Nucleic Acids Res., 34: D689-D691.</a>
    </p>
  </body>
</notes><annotation>
  <arcadia:listoflayouts xmlns:arcadia="http://www.arcadia.org/ns">
    <arcadia:layout arcadia:name="Default Layout">
      <arcadia:container arcadia:strategy="Hierarchy">
        <arcadia:container arcadia:strategy="Hierarchy" arcadia:sbmlid="cytosol">
          <arcadia:container arcadia:strategy="Hierarchy" arcadia:sbmlid="ER_store">
            <arcadia:clone arcadia:sbmlid="CaS" arcadia:x="-51" arcadia:y="3" arcadia:iscore="iscore"/>
          </arcadia:container>
          <arcadia:clone arcadia:sbmlid="IP3" arcadia:x="-123" arcadia:y="68"/>
          <arcadia:clone arcadia:sbmlid="g" arcadia:x="10" arcadia:y="69"/>
          <arcadia:clone arcadia:role="Source" arcadia:sbmlref="kPLC" arcadia:x="-122" arcadia:y="-15"/>
          <arcadia:clone arcadia:sbmlid="kPhosphatase" arcadia:x="-122" arcadia:y="118"/>
          <arcadia:clone arcadia:role="Sink" arcadia:sbmlref="kPhosphatase" arcadia:x="-122" arcadia:y="159"/>
          <arcadia:clone arcadia:role="Source" arcadia:sbmlref="inhibition_parameter1" arcadia:x="11" arcadia:y="-12"/>
          <arcadia:clone arcadia:role="Sink" arcadia:sbmlref="inhibition_parameter2" arcadia:x="9" arcadia:y="156"/>
          <arcadia:container arcadia:strategy="Clone">
            <arcadia:clone arcadia:sbmlid="JChannel" arcadia:x="-51" arcadia:y="68" arcadia:iscore="iscore"/>
            <arcadia:clone arcadia:sbmlid="CaI" arcadia:x="-52" arcadia:y="115">
              <arcadia:neighbour arcadia:sbmlid="JChannel" relationship="Product"/>
            </arcadia:clone>
          </arcadia:container>
          <arcadia:container arcadia:strategy="Clone">
            <arcadia:clone arcadia:sbmlid="JPump" arcadia:x="-49" arcadia:y="-78" arcadia:iscore="iscore"/>
            <arcadia:clone arcadia:sbmlid="CaI" arcadia:x="-49" arcadia:y="-116">
              <arcadia:neighbour arcadia:sbmlid="JPump" relationship="Reactant"/>
            </arcadia:clone>
          </arcadia:container>
          <arcadia:container arcadia:strategy="Clone">
            <arcadia:clone arcadia:sbmlid="kPLC" arcadia:x="-122" arcadia:y="16" arcadia:iscore="iscore"/>
            <arcadia:clone arcadia:sbmlid="CaI" arcadia:x="-165" arcadia:y="16">
              <arcadia:neighbour arcadia:sbmlid="kPLC" relationship="Modifier"/>
            </arcadia:clone>
          </arcadia:container>
          <arcadia:container arcadia:strategy="Clone">
            <arcadia:clone arcadia:sbmlid="inhibition_parameter1" arcadia:x="11" arcadia:y="19" arcadia:iscore="iscore"/>
            <arcadia:clone arcadia:sbmlid="CaI" arcadia:x="57" arcadia:y="18">
              <arcadia:neighbour arcadia:sbmlid="inhibition_parameter1" relationship="Modifier"/>
            </arcadia:clone>
          </arcadia:container>
          <arcadia:container arcadia:strategy="Clone">
            <arcadia:clone arcadia:sbmlid="inhibition_parameter2" arcadia:x="10" arcadia:y="116" arcadia:iscore="iscore"/>
            <arcadia:clone arcadia:sbmlid="CaI" arcadia:x="57" arcadia:y="115">
              <arcadia:neighbour arcadia:sbmlid="inhibition_parameter2" relationship="Modifier"/>
            </arcadia:clone>
          </arcadia:container>
        </arcadia:container>
      </arcadia:container>
    </arcadia:layout>
  </arcadia:listoflayouts>
  <rdf:RDF xmlns:rdf="http://www.w3.org/1999/02/22-rdf-syntax-ns#" xmlns:dc="http://purl.org/dc/elements/1.1/" xmlns:dcterms="http://purl.org/dc/terms/" xmlns:vCard="http://www.w3.org/2001/vcard-rdf/3.0#" xmlns:bqbiol="http://biomodels.net/biology-qualifiers/" xmlns:bqmodel="http://biomodels.net/model-qualifiers/">
    <rdf:Description rdf:about="#metaid_0000001">
      <dc:creator>
        <rdf:Bag>
          <rdf:li rdf:parseType="Resource">
            <vCard:N rdf:parseType="Resource">
              <vCard:Family>Chelliah</vCard:Family>
              <vCard:Given>Vijayalakshmi</vCard:Given>
            </vCard:N>
            <vCard:EMAIL>viji@ebi.ac.uk</vCard:EMAIL>
            <vCard:ORG rdf:parseType="Resource">
              <vCard:Orgname>EMBL-EBI</vCard:Orgname>
            </vCard:ORG>
          </rdf:li>
          <rdf:li rdf:parseType="Resource">
            <vCard:N rdf:parseType="Resource">
              <vCard:Family>Bayer</vCard:Family>
              <vCard:Given>Philipp</vCard:Given>
            </vCard:N>
            <vCard:EMAIL>p.bayer@stud.uni-heidelberg.de</vCard:EMAIL>
            <vCard:ORG rdf:parseType="Resource">
              <vCard:Orgname>Stanford University, University of Heidelberg</vCard:Orgname>
            </vCard:ORG>
          </rdf:li>
        </rdf:Bag>
      </dc:creator>
      <dcterms:created rdf:parseType="Resource">
        <dcterms:W3CDTF>2009-08-05T13:17:56Z</dcterms:W3CDTF>
      </dcterms:created>
      <dcterms:modified rdf:parseType="Resource">
        <dcterms:W3CDTF>2009-08-25T14:41:08Z</dcterms:W3CDTF>
      </dcterms:modified>
      <bqmodel:is>
        <rdf:Bag>
          <rdf:li rdf:resource="urn:miriam:biomodels.db:BIOMD0000000224"/>
        </rdf:Bag>
      </bqmodel:is>
      <bqmodel:isDescribedBy>
        <rdf:Bag>
          <rdf:li rdf:resource="urn:miriam:pubmed:1867714"/>
        </rdf:Bag>
      </bqmodel:isDescribedBy>
      <bqbiol:occursIn>
        <rdf:Bag>
          <rdf:li rdf:resource="urn:miriam:taxonomy:10117"/>
        </rdf:Bag>
      </bqbiol:occursIn>
      <bqbiol:isVersionOf>
        <rdf:Bag>
          <rdf:li rdf:resource="urn:miriam:obo.go:GO%3A0051279"/>
        </rdf:Bag>
      </bqbiol:isVersionOf>
    </rdf:Description>
  </rdf:RDF>
  <listOfLayouts xmlns="http://projects.eml.org/bcb/sbml/level2" xmlns:xsi="http://www.w3.org/2001/XMLSchema-instance">
    <layout id="Arcadia_Layout_0">
      <dimensions width="392" height="433"/>
      <listOfCompartmentGlyphs>
        <compartmentGlyph id="CG_0" compartment="cytosol">
          <boundingBox id="bbc_0">
            <position x="21" y="21"/>
            <dimensions width="350" height="391"/>
          </boundingBox>
        </compartmentGlyph>
        <compartmentGlyph id="CG_1" compartment="ER_store">
          <boundingBox id="bbc_1">
            <position x="145" y="150"/>
            <dimensions width="108" height="128"/>
          </boundingBox>
        </compartmentGlyph>
      </listOfCompartmentGlyphs>
      <listOfSpeciesGlyphs>
        <speciesGlyph id="SG_0_0" species="CaI">
          <boundingBox id="bbs_0_0">
            <position x="181" y="319"/>
            <dimensions width="34" height="34"/>
          </boundingBox>
        </speciesGlyph>
        <speciesGlyph id="SG_0_1" species="CaI">
          <boundingBox id="bbs_0_1">
            <position x="184" y="88"/>
            <dimensions width="34" height="34"/>
          </boundingBox>
        </speciesGlyph>
        <speciesGlyph id="SG_0_2" species="CaI">
          <boundingBox id="bbs_0_2">
            <position x="68" y="220"/>
            <dimensions width="34" height="34"/>
          </boundingBox>
        </speciesGlyph>
        <speciesGlyph id="SG_0_3" species="CaI">
          <boundingBox id="bbs_0_3">
            <position x="290" y="222"/>
            <dimensions width="34" height="34"/>
          </boundingBox>
        </speciesGlyph>
        <speciesGlyph id="SG_0_4" species="CaI">
          <boundingBox id="bbs_0_4">
            <position x="290" y="319"/>
            <dimensions width="34" height="34"/>
          </boundingBox>
        </speciesGlyph>
        <speciesGlyph id="SG_1_0" species="IP3">
          <boundingBox id="bbs_1_0">
            <position x="104" y="266"/>
            <dimensions width="46" height="46"/>
          </boundingBox>
        </speciesGlyph>
        <speciesGlyph id="SG_2_0" species="CaS">
          <boundingBox id="bbs_2_0">
            <position x="176" y="201"/>
            <dimensions width="46" height="46"/>
          </boundingBox>
        </speciesGlyph>
        <speciesGlyph id="SG_3_0" species="g">
          <boundingBox id="bbs_3_0">
            <position x="245" y="268"/>
            <dimensions width="31" height="44"/>
          </boundingBox>
        </speciesGlyph>
        <speciesGlyph id="EmptySetGlyph_0">
          <boundingBox id="bbesg_0">
            <position x="122" y="200"/>
            <dimensions width="12" height="12"/>
          </boundingBox>
        </speciesGlyph>
        <speciesGlyph id="EmptySetGlyph_1">
          <boundingBox id="bbesg_1">
            <position x="122" y="374"/>
            <dimensions width="12" height="12"/>
          </boundingBox>
        </speciesGlyph>
        <speciesGlyph id="EmptySetGlyph_2">
          <boundingBox id="bbesg_2">
            <position x="255" y="203"/>
            <dimensions width="12" height="12"/>
          </boundingBox>
        </speciesGlyph>
        <speciesGlyph id="EmptySetGlyph_3">
          <boundingBox id="bbesg_3">
            <position x="253" y="371"/>
            <dimensions width="12" height="12"/>
          </boundingBox>
        </speciesGlyph>
      </listOfSpeciesGlyphs>
      <listOfReactionGlyphs>
        <reactionGlyph id="RG_0" reaction="JChannel">
          <curve>
            <listOfCurveSegments>
              <curveSegment xsi:type="LineSegment">
                <start x="199" y="289"/>
                <end x="199" y="289"/>
              </curveSegment>
            </listOfCurveSegments>
          </curve>
          <listOfSpeciesReferenceGlyphs>
            <speciesReferenceGlyph id="SR_0_0" speciesGlyph="SG_2_0" role="substrate">
              <curve>
                <listOfCurveSegments>
                  <curveSegment xsi:type="LineSegment">
                    <start x="199" y="247"/>
                    <end x="199" y="277"/>
                  </curveSegment>
                  <curveSegment xsi:type="LineSegment">
                    <start x="199" y="277"/>
                    <end x="199" y="289"/>
                  </curveSegment>
                </listOfCurveSegments>
              </curve>
            </speciesReferenceGlyph>
            <speciesReferenceGlyph id="SR_0_1" speciesGlyph="SG_0_0" role="product">
              <curve>
                <listOfCurveSegments>
                  <curveSegment xsi:type="LineSegment">
                    <start x="199" y="289"/>
                    <end x="199" y="301"/>
                  </curveSegment>
                  <curveSegment xsi:type="LineSegment">
                    <start x="199" y="301"/>
                    <end x="199" y="319"/>
                  </curveSegment>
                </listOfCurveSegments>
              </curve>
            </speciesReferenceGlyph>
            <speciesReferenceGlyph id="SR_0_2" speciesGlyph="SG_1_0" role="modifier">
              <curve>
                <listOfCurveSegments>
                  <curveSegment xsi:type="LineSegment">
                    <start x="150" y="289"/>
                    <end x="192" y="289"/>
                  </curveSegment>
                  <curveSegment xsi:type="LineSegment">
                    <start x="192" y="289"/>
                    <end x="189" y="289"/>
                  </curveSegment>
                </listOfCurveSegments>
              </curve>
            </speciesReferenceGlyph>
            <speciesReferenceGlyph id="SR_0_3" speciesGlyph="SG_3_0" role="modifier">
              <curve>
                <listOfCurveSegments>
                  <curveSegment xsi:type="LineSegment">
                    <start x="245" y="289"/>
                    <end x="206" y="289"/>
                  </curveSegment>
                  <curveSegment xsi:type="LineSegment">
                    <start x="206" y="289"/>
                    <end x="209" y="289"/>
                  </curveSegment>
                </listOfCurveSegments>
              </curve>
            </speciesReferenceGlyph>
          </listOfSpeciesReferenceGlyphs>
        </reactionGlyph>
        <reactionGlyph id="RG_1" reaction="JPump">
          <curve>
            <listOfCurveSegments>
              <curveSegment xsi:type="LineSegment">
                <start x="201" y="143"/>
                <end x="201" y="143"/>
              </curveSegment>
            </listOfCurveSegments>
          </curve>
          <listOfSpeciesReferenceGlyphs>
            <speciesReferenceGlyph id="SR_1_0" speciesGlyph="SG_0_1" role="substrate">
              <curve>
                <listOfCurveSegments>
                  <curveSegment xsi:type="LineSegment">
                    <start x="201" y="122"/>
                    <end x="201" y="131"/>
                  </curveSegment>
                  <curveSegment xsi:type="LineSegment">
                    <start x="201" y="131"/>
                    <end x="201" y="143"/>
                  </curveSegment>
                </listOfCurveSegments>
              </curve>
            </speciesReferenceGlyph>
            <speciesReferenceGlyph id="SR_1_1" speciesGlyph="SG_2_0" role="product">
              <curve>
                <listOfCurveSegments>
                  <curveSegment xsi:type="LineSegment">
                    <start x="201" y="143"/>
                    <end x="201" y="155"/>
                  </curveSegment>
                  <curveSegment xsi:type="LineSegment">
                    <start x="201" y="155"/>
                    <end x="200" y="201"/>
                  </curveSegment>
                </listOfCurveSegments>
              </curve>
            </speciesReferenceGlyph>
          </listOfSpeciesReferenceGlyphs>
        </reactionGlyph>
        <reactionGlyph id="RG_2" reaction="kPLC">
          <curve>
            <listOfCurveSegments>
              <curveSegment xsi:type="LineSegment">
                <start x="128" y="237"/>
                <end x="128" y="237"/>
              </curveSegment>
            </listOfCurveSegments>
          </curve>
          <listOfSpeciesReferenceGlyphs>
            <speciesReferenceGlyph id="SR_2_0" role="substrate">
              <curve>
                <listOfCurveSegments>
                  <curveSegment xsi:type="LineSegment">
                    <start x="128" y="212"/>
                    <end x="128" y="225"/>
                  </curveSegment>
                  <curveSegment xsi:type="LineSegment">
                    <start x="128" y="225"/>
                    <end x="128" y="237"/>
                  </curveSegment>
                </listOfCurveSegments>
              </curve>
            </speciesReferenceGlyph>
            <speciesReferenceGlyph id="SR_2_1" speciesGlyph="SG_1_0" role="product">
              <curve>
                <listOfCurveSegments>
                  <curveSegment xsi:type="LineSegment">
                    <start x="128" y="237"/>
                    <end x="128" y="249"/>
                  </curveSegment>
                  <curveSegment xsi:type="LineSegment">
                    <start x="128" y="249"/>
                    <end x="128" y="266"/>
                  </curveSegment>
                </listOfCurveSegments>
              </curve>
            </speciesReferenceGlyph>
            <speciesReferenceGlyph id="SR_2_2" speciesGlyph="SG_0_2" role="modifier">
              <curve>
                <listOfCurveSegments>
                  <curveSegment xsi:type="LineSegment">
                    <start x="102" y="237"/>
                    <end x="121" y="237"/>
                  </curveSegment>
                  <curveSegment xsi:type="LineSegment">
                    <start x="121" y="237"/>
                    <end x="118" y="237"/>
                  </curveSegment>
                </listOfCurveSegments>
              </curve>
            </speciesReferenceGlyph>
          </listOfSpeciesReferenceGlyphs>
        </reactionGlyph>
        <reactionGlyph id="RG_3" reaction="kPhosphatase">
          <curve>
            <listOfCurveSegments>
              <curveSegment xsi:type="LineSegment">
                <start x="128" y="339"/>
                <end x="128" y="339"/>
              </curveSegment>
            </listOfCurveSegments>
          </curve>
          <listOfSpeciesReferenceGlyphs>
            <speciesReferenceGlyph id="SR_3_0" speciesGlyph="SG_1_0" role="substrate">
              <curve>
                <listOfCurveSegments>
                  <curveSegment xsi:type="LineSegment">
                    <start x="128" y="312"/>
                    <end x="128" y="327"/>
                  </curveSegment>
                  <curveSegment xsi:type="LineSegment">
                    <start x="128" y="327"/>
                    <end x="128" y="339"/>
                  </curveSegment>
                </listOfCurveSegments>
              </curve>
            </speciesReferenceGlyph>
            <speciesReferenceGlyph id="SR_3_1" role="product">
              <curve>
                <listOfCurveSegments>
                  <curveSegment xsi:type="LineSegment">
                    <start x="128" y="339"/>
                    <end x="128" y="351"/>
                  </curveSegment>
                  <curveSegment xsi:type="LineSegment">
                    <start x="128" y="351"/>
                    <end x="128" y="374"/>
                  </curveSegment>
                </listOfCurveSegments>
              </curve>
            </speciesReferenceGlyph>
          </listOfSpeciesReferenceGlyphs>
        </reactionGlyph>
        <reactionGlyph id="RG_4" reaction="inhibition_parameter1">
          <curve>
            <listOfCurveSegments>
              <curveSegment xsi:type="LineSegment">
                <start x="261" y="240"/>
                <end x="261" y="240"/>
              </curveSegment>
            </listOfCurveSegments>
          </curve>
          <listOfSpeciesReferenceGlyphs>
            <speciesReferenceGlyph id="SR_4_0" role="substrate">
              <curve>
                <listOfCurveSegments>
                  <curveSegment xsi:type="LineSegment">
                    <start x="261" y="215"/>
                    <end x="261" y="228"/>
                  </curveSegment>
                  <curveSegment xsi:type="LineSegment">
                    <start x="261" y="228"/>
                    <end x="261" y="240"/>
                  </curveSegment>
                </listOfCurveSegments>
              </curve>
            </speciesReferenceGlyph>
            <speciesReferenceGlyph id="SR_4_1" speciesGlyph="SG_3_0" role="product">
              <curve>
                <listOfCurveSegments>
                  <curveSegment xsi:type="LineSegment">
                    <start x="261" y="240"/>
                    <end x="261" y="252"/>
                  </curveSegment>
                  <curveSegment xsi:type="LineSegment">
                    <start x="261" y="252"/>
                    <end x="260" y="268"/>
                  </curveSegment>
                </listOfCurveSegments>
              </curve>
            </speciesReferenceGlyph>
            <speciesReferenceGlyph id="SR_4_2" speciesGlyph="SG_0_3" role="modifier">
              <curve>
                <listOfCurveSegments>
                  <curveSegment xsi:type="LineSegment">
                    <start x="290" y="239"/>
                    <end x="268" y="240"/>
                  </curveSegment>
                  <curveSegment xsi:type="LineSegment">
                    <start x="268" y="240"/>
                    <end x="271" y="240"/>
                  </curveSegment>
                </listOfCurveSegments>
              </curve>
            </speciesReferenceGlyph>
          </listOfSpeciesReferenceGlyphs>
        </reactionGlyph>
        <reactionGlyph id="RG_5" reaction="inhibition_parameter2">
          <curve>
            <listOfCurveSegments>
              <curveSegment xsi:type="LineSegment">
                <start x="260" y="337"/>
                <end x="260" y="337"/>
              </curveSegment>
            </listOfCurveSegments>
          </curve>
          <listOfSpeciesReferenceGlyphs>
            <speciesReferenceGlyph id="SR_5_0" speciesGlyph="SG_3_0" role="substrate">
              <curve>
                <listOfCurveSegments>
                  <curveSegment xsi:type="LineSegment">
                    <start x="260" y="312"/>
                    <end x="260" y="325"/>
                  </curveSegment>
                  <curveSegment xsi:type="LineSegment">
                    <start x="260" y="325"/>
                    <end x="260" y="337"/>
                  </curveSegment>
                </listOfCurveSegments>
              </curve>
            </speciesReferenceGlyph>
            <speciesReferenceGlyph id="SR_5_1" role="product">
              <curve>
                <listOfCurveSegments>
                  <curveSegment xsi:type="LineSegment">
                    <start x="260" y="337"/>
                    <end x="260" y="349"/>
                  </curveSegment>
                  <curveSegment xsi:type="LineSegment">
                    <start x="260" y="349"/>
                    <end x="259" y="371"/>
                  </curveSegment>
                </listOfCurveSegments>
              </curve>
            </speciesReferenceGlyph>
            <speciesReferenceGlyph id="SR_5_2" speciesGlyph="SG_0_4" role="modifier">
              <curve>
                <listOfCurveSegments>
                  <curveSegment xsi:type="LineSegment">
                    <start x="290" y="336"/>
                    <end x="267" y="337"/>
                  </curveSegment>
                  <curveSegment xsi:type="LineSegment">
                    <start x="267" y="337"/>
                    <end x="270" y="337"/>
                  </curveSegment>
                </listOfCurveSegments>
              </curve>
            </speciesReferenceGlyph>
          </listOfSpeciesReferenceGlyphs>
        </reactionGlyph>
      </listOfReactionGlyphs>
      <listOfTextGlyphs>
        <textGlyph id="TGS_0_0" graphicalObject="SG_0_0" originOfText="CaI">
          <boundingBox id="bbs_0_0">
            <position x="181" y="319"/>
            <dimensions width="34" height="34"/>
          </boundingBox>
        </textGlyph>
        <textGlyph id="TGS_0_1" graphicalObject="SG_0_1" originOfText="CaI">
          <boundingBox id="bbs_0_1">
            <position x="184" y="88"/>
            <dimensions width="34" height="34"/>
          </boundingBox>
        </textGlyph>
        <textGlyph id="TGS_0_2" graphicalObject="SG_0_2" originOfText="CaI">
          <boundingBox id="bbs_0_2">
            <position x="68" y="220"/>
            <dimensions width="34" height="34"/>
          </boundingBox>
        </textGlyph>
        <textGlyph id="TGS_0_3" graphicalObject="SG_0_3" originOfText="CaI">
          <boundingBox id="bbs_0_3">
            <position x="290" y="222"/>
            <dimensions width="34" height="34"/>
          </boundingBox>
        </textGlyph>
        <textGlyph id="TGS_0_4" graphicalObject="SG_0_4" originOfText="CaI">
          <boundingBox id="bbs_0_4">
            <position x="290" y="319"/>
            <dimensions width="34" height="34"/>
          </boundingBox>
        </textGlyph>
        <textGlyph id="TGS_1_0" graphicalObject="SG_1_0" originOfText="IP3">
          <boundingBox id="bbs_1_0">
            <position x="104" y="266"/>
            <dimensions width="46" height="46"/>
          </boundingBox>
        </textGlyph>
        <textGlyph id="TGS_2_0" graphicalObject="SG_2_0" originOfText="CaS">
          <boundingBox id="bbs_2_0">
            <position x="176" y="201"/>
            <dimensions width="46" height="46"/>
          </boundingBox>
        </textGlyph>
        <textGlyph id="TGS_3_0" graphicalObject="SG_3_0" originOfText="g">
          <boundingBox id="bbs_3_0">
            <position x="245" y="268"/>
            <dimensions width="31" height="44"/>
          </boundingBox>
        </textGlyph>
        <textGlyph id="TGC_0" graphicalObject="CG_0" originOfText="cytosol">
          <boundingBox id="bbl_0">
            <position x="33" y="33"/>
            <dimensions width="52" height="20"/>
          </boundingBox>
        </textGlyph>
        <textGlyph id="TGC_1" graphicalObject="CG_1" originOfText="ER_store">
          <boundingBox id="bbl_1">
            <position x="157" y="162"/>
            <dimensions width="60" height="20"/>
          </boundingBox>
        </textGlyph>
        <textGlyph id="EmptySetLabel_0" text="(/)" graphicalObject="EmptySetGlyph_0">
          <boundingBox id="bbesg_0">
            <position x="122" y="200"/>
            <dimensions width="12" height="12"/>
          </boundingBox>
        </textGlyph>
        <textGlyph id="EmptySetLabel_1" text="(/)" graphicalObject="EmptySetGlyph_1">
          <boundingBox id="bbesg_1">
            <position x="122" y="374"/>
            <dimensions width="12" height="12"/>
          </boundingBox>
        </textGlyph>
        <textGlyph id="EmptySetLabel_2" text="(/)" graphicalObject="EmptySetGlyph_2">
          <boundingBox id="bbesg_2">
            <position x="255" y="203"/>
            <dimensions width="12" height="12"/>
          </boundingBox>
        </textGlyph>
        <textGlyph id="EmptySetLabel_3" text="(/)" graphicalObject="EmptySetGlyph_3">
          <boundingBox id="bbesg_3">
            <position x="253" y="371"/>
            <dimensions width="12" height="12"/>
          </boundingBox>
        </textGlyph>
      </listOfTextGlyphs>
    </layout>
  </listOfLayouts>
</annotation><listOfUnitDefinitions>
  <unitDefinition metaid="metaid_0000026" id="microM" name="microM">
    <listOfUnits>
      <unit kind="mole" scale="-6"/>
      <unit kind="litre" exponent="-1"/>
    </listOfUnits>
  </unitDefinition>
  <unitDefinition metaid="metaid_0000029" id="microMpsec" name="microMpsec">
    <listOfUnits>
      <unit kind="mole" scale="-6"/>
      <unit kind="second" exponent="-1"/>
      <unit kind="litre" exponent="-1"/>
    </listOfUnits>
  </unitDefinition>
  <unitDefinition metaid="metaid_0000030" id="microM4" name="microM4">
    <listOfUnits>
      <unit kind="mole" exponent="-4" scale="-6"/>
      <unit kind="second" exponent="-1"/>
      <unit kind="litre" exponent="-1"/>
    </listOfUnits>
  </unitDefinition>
  <unitDefinition metaid="metaid_0000031" id="psec" name="psec">
    <listOfUnits>
      <unit kind="second" exponent="-1"/>
    </listOfUnits>
  </unitDefinition>
</listOfUnitDefinitions><listOfCompartments>
  <compartment metaid="metaid_0000014" id="cytosol" size="1" sboTerm="SBO:0000290">
    <annotation>
      <rdf:RDF xmlns:rdf="http://www.w3.org/1999/02/22-rdf-syntax-ns#" xmlns:dc="http://purl.org/dc/elements/1.1/" xmlns:dcterms="http://purl.org/dc/terms/" xmlns:vCard="http://www.w3.org/2001/vcard-rdf/3.0#" xmlns:bqbiol="http://biomodels.net/biology-qualifiers/" xmlns:bqmodel="http://biomodels.net/model-qualifiers/">
        <rdf:Description rdf:about="#metaid_0000014">
          <bqbiol:isVersionOf>
            <rdf:Bag>
              <rdf:li rdf:resource="urn:miriam:obo.go:GO%3A0005829"/>
            </rdf:Bag>
          </bqbiol:isVersionOf>
        </rdf:Description>
      </rdf:RDF>
    </annotation>
  </compartment>
  <compartment metaid="metaid_0000015" id="ER_store" size="1" outside="cytosol" sboTerm="SBO:0000290">
    <annotation>
      <rdf:RDF xmlns:rdf="http://www.w3.org/1999/02/22-rdf-syntax-ns#" xmlns:dc="http://purl.org/dc/elements/1.1/" xmlns:dcterms="http://purl.org/dc/terms/" xmlns:vCard="http://www.w3.org/2001/vcard-rdf/3.0#" xmlns:bqbiol="http://biomodels.net/biology-qualifiers/" xmlns:bqmodel="http://biomodels.net/model-qualifiers/">
        <rdf:Description rdf:about="#metaid_0000015">
          <bqbiol:occursIn>
            <rdf:Bag>
              <rdf:li rdf:resource="urn:miriam:obo.go:GO%3A0005783"/>
            </rdf:Bag>
          </bqbiol:occursIn>
        </rdf:Description>
      </rdf:RDF>
    </annotation>
  </compartment>
</listOfCompartments><listOfSpecies>
  <species metaid="metaid_0000016" id="CaI" compartment="cytosol" initialConcentration="0.1" sboTerm="SBO:0000247">
    <annotation>
      <rdf:RDF xmlns:rdf="http://www.w3.org/1999/02/22-rdf-syntax-ns#" xmlns:dc="http://purl.org/dc/elements/1.1/" xmlns:dcterms="http://purl.org/dc/terms/" xmlns:vCard="http://www.w3.org/2001/vcard-rdf/3.0#" xmlns:bqbiol="http://biomodels.net/biology-qualifiers/" xmlns:bqmodel="http://biomodels.net/model-qualifiers/">
        <rdf:Description rdf:about="#metaid_0000016">
          <bqbiol:isVersionOf>
            <rdf:Bag>
              <rdf:li rdf:resource="urn:miriam:obo.chebi:CHEBI%3A29108"/>
              <rdf:li rdf:resource="urn:miriam:kegg.compound:C00076"/>
            </rdf:Bag>
          </bqbiol:isVersionOf>
        </rdf:Description>
      </rdf:RDF>
    </annotation>
  </species>
  <species metaid="metaid_0000017" id="IP3" compartment="cytosol" initialConcentration="0.05" sboTerm="SBO:0000247">
    <annotation>
      <rdf:RDF xmlns:rdf="http://www.w3.org/1999/02/22-rdf-syntax-ns#" xmlns:dc="http://purl.org/dc/elements/1.1/" xmlns:dcterms="http://purl.org/dc/terms/" xmlns:vCard="http://www.w3.org/2001/vcard-rdf/3.0#" xmlns:bqbiol="http://biomodels.net/biology-qualifiers/" xmlns:bqmodel="http://biomodels.net/model-qualifiers/">
        <rdf:Description rdf:about="#metaid_0000017">
          <bqbiol:isVersionOf>
            <rdf:Bag>
              <rdf:li rdf:resource="urn:miriam:obo.chebi:CHEBI%3A16595"/>
              <rdf:li rdf:resource="urn:miriam:kegg.compound:C01255"/>
            </rdf:Bag>
          </bqbiol:isVersionOf>
        </rdf:Description>
      </rdf:RDF>
    </annotation>
  </species>
  <species metaid="metaid_0000018" id="CaS" compartment="ER_store" initialConcentration="1100" sboTerm="SBO:0000247">
    <annotation>
      <rdf:RDF xmlns:rdf="http://www.w3.org/1999/02/22-rdf-syntax-ns#" xmlns:dc="http://purl.org/dc/elements/1.1/" xmlns:dcterms="http://purl.org/dc/terms/" xmlns:vCard="http://www.w3.org/2001/vcard-rdf/3.0#" xmlns:bqbiol="http://biomodels.net/biology-qualifiers/" xmlns:bqmodel="http://biomodels.net/model-qualifiers/">
        <rdf:Description rdf:about="#metaid_0000018">
          <bqbiol:isVersionOf>
            <rdf:Bag>
              <rdf:li rdf:resource="urn:miriam:obo.chebi:CHEBI%3A29108"/>
              <rdf:li rdf:resource="urn:miriam:kegg.compound:C00076"/>
            </rdf:Bag>
          </bqbiol:isVersionOf>
        </rdf:Description>
      </rdf:RDF>
    </annotation>
  </species>
  <species metaid="metaid_0000019" id="g" compartment="cytosol" initialConcentration="0">
    <annotation>
      <rdf:RDF xmlns:rdf="http://www.w3.org/1999/02/22-rdf-syntax-ns#" xmlns:dc="http://purl.org/dc/elements/1.1/" xmlns:dcterms="http://purl.org/dc/terms/" xmlns:vCard="http://www.w3.org/2001/vcard-rdf/3.0#" xmlns:bqbiol="http://biomodels.net/biology-qualifiers/" xmlns:bqmodel="http://biomodels.net/model-qualifiers/">
        <rdf:Description rdf:about="#metaid_0000019">
          <bqbiol:isVersionOf>
            <rdf:Bag>
              <rdf:li rdf:resource="urn:miriam:obo.go:GO%3A0019855"/>
            </rdf:Bag>
          </bqbiol:isVersionOf>
        </rdf:Description>
      </rdf:RDF>
    </annotation>
  </species>
</listOfSpecies><listOfParameters>
  <parameter metaid="metaid_0000003" id="A" value="20" units="psec"/>
  <parameter metaid="metaid_0000004" id="B" value="40" units="microMpsec"/>
  <parameter metaid="metaid_0000005" id="C" value="1.1" units="microMpsec"/>
  <parameter metaid="metaid_0000006" id="D" value="2" units="psec"/>
  <parameter metaid="metaid_0000007" id="E" value="1" units="microM4"/>
  <parameter metaid="metaid_0000008" id="F" value="0.02" units="psec"/>
  <parameter metaid="metaid_0000009" id="k1" value="0.5" units="microM"/>
  <parameter metaid="metaid_0000010" id="k2" value="0.15" units="microM"/>
  <parameter metaid="metaid_0000011" id="k3" value="1" units="microM"/>
  <parameter metaid="metaid_0000012" id="L" value="0.01" units="psec"/>
  <parameter metaid="metaid_0000013" id="R" value="0.09"/>
</listOfParameters><listOfReactions>
  <reaction metaid="metaid_0000020" id="JChannel" reversible="false">
    <annotation>
      <rdf:RDF xmlns:rdf="http://www.w3.org/1999/02/22-rdf-syntax-ns#" xmlns:dc="http://purl.org/dc/elements/1.1/" xmlns:dcterms="http://purl.org/dc/terms/" xmlns:vCard="http://www.w3.org/2001/vcard-rdf/3.0#" xmlns:bqbiol="http://biomodels.net/biology-qualifiers/" xmlns:bqmodel="http://biomodels.net/model-qualifiers/">
        <rdf:Description rdf:about="#metaid_0000020">
          <bqbiol:isVersionOf>
            <rdf:Bag>
              <rdf:li rdf:resource="urn:miriam:obo.go:GO%3A0051209"/>
            </rdf:Bag>
          </bqbiol:isVersionOf>
        </rdf:Description>
      </rdf:RDF>
    </annotation>
    <listOfReactants>
      <speciesReference species="CaS"/>
    </listOfReactants>
    <listOfProducts>
      <speciesReference species="CaI"/>
    </listOfProducts>
    <listOfModifiers>
      <modifierSpeciesReference species="IP3"/>
      <modifierSpeciesReference species="g"/>
    </listOfModifiers>
    <kineticLaw>
      <math xmlns="http://www.w3.org/1998/Math/MathML">
        <apply>
          <times/>
          <apply>
            <minus/>
            <cn> 1 </cn>
            <ci> g </ci>
          </apply>
          <apply>
            <plus/>
            <apply>
              <divide/>
              <apply>
                <times/>
                <ci> A </ci>
                <apply>
                  <power/>
                  <apply>
                    <times/>
                    <ci> IP3 </ci>
                    <cn> 0.5 </cn>
                  </apply>
                  <cn> 4 </cn>
                </apply>
              </apply>
              <apply>
                <power/>
                <apply>
                  <plus/>
                  <apply>
                    <times/>
                    <ci> IP3 </ci>
                    <cn> 0.5 </cn>
                  </apply>
                  <ci> k1 </ci>
                </apply>
                <cn> 4 </cn>
              </apply>
            </apply>
            <ci> L </ci>
          </apply>
          <ci> CaS </ci>
        </apply>
      </math>
    </kineticLaw>
  </reaction>
  <reaction metaid="metaid_0000021" id="JPump" reversible="false">
    <annotation>
      <rdf:RDF xmlns:rdf="http://www.w3.org/1999/02/22-rdf-syntax-ns#" xmlns:dc="http://purl.org/dc/elements/1.1/" xmlns:dcterms="http://purl.org/dc/terms/" xmlns:vCard="http://www.w3.org/2001/vcard-rdf/3.0#" xmlns:bqbiol="http://biomodels.net/biology-qualifiers/" xmlns:bqmodel="http://biomodels.net/model-qualifiers/">
        <rdf:Description rdf:about="#metaid_0000021">
          <bqbiol:isVersionOf>
            <rdf:Bag>
              <rdf:li rdf:resource="urn:miriam:obo.go:GO%3A0060401"/>
            </rdf:Bag>
          </bqbiol:isVersionOf>
        </rdf:Description>
      </rdf:RDF>
    </annotation>
    <listOfReactants>
      <speciesReference species="CaI"/>
    </listOfReactants>
    <listOfProducts>
      <speciesReference species="CaS"/>
    </listOfProducts>
    <kineticLaw>
      <math xmlns="http://www.w3.org/1998/Math/MathML">
        <apply>
          <divide/>
          <apply>
            <times/>
            <ci> B </ci>
            <apply>
              <power/>
              <apply>
                <times/>
                <ci> CaI </ci>
                <cn> 0.01 </cn>
              </apply>
              <cn> 2 </cn>
            </apply>
          </apply>
          <apply>
            <plus/>
            <apply>
              <power/>
              <apply>
                <times/>
                <ci> CaI </ci>
                <cn> 0.01 </cn>
              </apply>
              <cn> 2 </cn>
            </apply>
            <apply>
              <power/>
              <ci> k2 </ci>
              <cn> 2 </cn>
            </apply>
          </apply>
        </apply>
      </math>
    </kineticLaw>
  </reaction>
  <reaction metaid="metaid_0000022" id="kPLC" reversible="false">
    <annotation>
      <rdf:RDF xmlns:rdf="http://www.w3.org/1999/02/22-rdf-syntax-ns#" xmlns:dc="http://purl.org/dc/elements/1.1/" xmlns:dcterms="http://purl.org/dc/terms/" xmlns:vCard="http://www.w3.org/2001/vcard-rdf/3.0#" xmlns:bqbiol="http://biomodels.net/biology-qualifiers/" xmlns:bqmodel="http://biomodels.net/model-qualifiers/">
        <rdf:Description rdf:about="#metaid_0000022">
          <bqbiol:isVersionOf>
            <rdf:Bag>
              <rdf:li rdf:resource="urn:miriam:obo.go:GO%3A0032959"/>
            </rdf:Bag>
          </bqbiol:isVersionOf>
        </rdf:Description>
      </rdf:RDF>
    </annotation>
    <listOfProducts>
      <speciesReference species="IP3"/>
    </listOfProducts>
    <listOfModifiers>
      <modifierSpeciesReference species="CaI"/>
    </listOfModifiers>
    <kineticLaw>
      <math xmlns="http://www.w3.org/1998/Math/MathML">
        <apply>
          <times/>
          <ci> C </ci>
          <apply>
            <minus/>
            <cn> 1 </cn>
            <apply>
              <times/>
              <apply>
                <divide/>
                <ci> k3 </ci>
                <apply>
                  <plus/>
                  <apply>
                    <times/>
                    <ci> CaI </ci>
                    <cn> 0.01 </cn>
                  </apply>
                  <ci> k3 </ci>
                </apply>
              </apply>
              <apply>
                <divide/>
                <cn> 1 </cn>
                <apply>
                  <plus/>
                  <cn> 1 </cn>
                  <ci> R </ci>
                </apply>
              </apply>
            </apply>
          </apply>
        </apply>
      </math>
    </kineticLaw>
  </reaction>
  <reaction metaid="metaid_0000023" id="kPhosphatase" reversible="false">
    <annotation>
      <rdf:RDF xmlns:rdf="http://www.w3.org/1999/02/22-rdf-syntax-ns#" xmlns:dc="http://purl.org/dc/elements/1.1/" xmlns:dcterms="http://purl.org/dc/terms/" xmlns:vCard="http://www.w3.org/2001/vcard-rdf/3.0#" xmlns:bqbiol="http://biomodels.net/biology-qualifiers/" xmlns:bqmodel="http://biomodels.net/model-qualifiers/">
        <rdf:Description rdf:about="#metaid_0000023">
          <bqbiol:isVersionOf>
            <rdf:Bag>
              <rdf:li rdf:resource="urn:miriam:obo.go:GO%3A0032961"/>
            </rdf:Bag>
          </bqbiol:isVersionOf>
        </rdf:Description>
      </rdf:RDF>
    </annotation>
    <listOfReactants>
      <speciesReference species="IP3"/>
    </listOfReactants>
    <kineticLaw>
      <math xmlns="http://www.w3.org/1998/Math/MathML">
        <apply>
          <times/>
          <ci> D </ci>
          <ci> IP3 </ci>
          <cn> 0.5 </cn>
        </apply>
      </math>
    </kineticLaw>
  </reaction>
  <reaction metaid="metaid_0000024" id="inhibition_parameter1" reversible="false">
    <listOfProducts>
      <speciesReference species="g"/>
    </listOfProducts>
    <listOfModifiers>
      <modifierSpeciesReference species="CaI"/>
    </listOfModifiers>
    <kineticLaw>
      <math xmlns="http://www.w3.org/1998/Math/MathML">
        <apply>
          <times/>
          <ci> E </ci>
          <apply>
            <power/>
            <apply>
              <times/>
              <ci> CaI </ci>
              <cn> 0.01 </cn>
            </apply>
            <cn> 4 </cn>
          </apply>
          <apply>
            <minus/>
            <cn> 1 </cn>
            <ci> g </ci>
          </apply>
        </apply>
      </math>
    </kineticLaw>
  </reaction>
  <reaction metaid="metaid_0000025" id="inhibition_parameter2" reversible="false">
    <listOfReactants>
      <speciesReference species="g"/>
    </listOfReactants>
    <listOfModifiers>
      <modifierSpeciesReference species="CaI"/>
    </listOfModifiers>
    <kineticLaw>
      <math xmlns="http://www.w3.org/1998/Math/MathML">
        <ci> F </ci>
      </math>
    </kineticLaw>
  </reaction>
</listOfReactions>
</model>
</sbml>
