<?xml version="1.0" encoding="UTF-8"?>
<sbml xmlns="http://www.sbml.org/sbml/level2/version4" metaid="metaid_0000001" level="2" version="4">
  <model metaid="metaid_0000002" id="Valero2006_Adenine_TernaryCycle" name="Valero2006_Adenine_TernaryCycle">
    <notes>
      <body xmlns="http://www.w3.org/1999/xhtml">
        <p>
      This a model from the article:
      <br/>
        <strong> A kinetic study of a ternary cycle between adenine nucleotides.
</strong>
        <br/>
Valero E, Varón R, García-Carmona F 
      <em>FEBS J.</em>[2006 Aug;273(15):3598-613
      <a href="http://www.ncbi.nlm.nih.gov/pubmed/16884499">16884499</a>,
      <br/>
        <strong>Abstract:</strong>
        <br/>
In the present paper, a kinetic study is made of the behavior of a moiety-conserved ternary cycle between the adenine nucleotides. The system contains the enzymes S-acetyl coenzyme A synthetase, adenylate kinase and pyruvate kinase, and converts ATP into AMP, then into ADP and finally back to ATP. L-Lactate dehydrogenase is added to the system to enable continuous monitoring of the progress of the reaction. The cycle cannot work when the only recycling substrate in the reaction medium is AMP. A mathematical model is proposed whose kinetic behavior has been analyzed both numerically by integration of the nonlinear differential equations describing the kinetics of the reactions involved, and analytically under steady-state conditions, with good agreement with the experimental results being obtained. The data obtained showed that there is a threshold value of the S-acetyl coenzyme A synthetase/adenylate kinase ratio, above which the cycle stops because all the recycling substrate has been accumulated as AMP, never reaching the steady state. In addition, the concept of adenylate energy charge has been applied to the system, obtaining the enabled values of the rate constants for a fixed adenylate energy charge value and vice versa. 
   </p>
        <p>This model originates from BioModels Database: A Database of Annotated Published Models. It is copyright (c) 2005-2009 The BioModels Team.<br/>For more information see the <a href="http://www.ebi.ac.uk/biomodels/legal.html" target="_blank">terms of use</a>.<br/>To cite BioModels Database, please use <a href="http://www.pubmedcentral.nih.gov/articlerender.fcgi?tool=pubmed&amp;pubmedid=16381960" target="_blank">Le Novère N., Bornstein B., Broicher A., Courtot M., Donizelli M., Dharuri H., Li L., Sauro H., Schilstra M., Shapiro B., Snoep J.L., Hucka M. (2006) BioModels Database: A Free, Centralized Database of Curated, Published, Quantitative Kinetic Models of Biochemical and Cellular Systems Nucleic Acids Res., 34: D689-D691.</a>
      </p>
    </body>
  </notes>
  <annotation>
    <arcadia:listoflayouts xmlns:arcadia="http://www.arcadia.org/ns">
      <arcadia:layout arcadia:name="Default Layout">
        <arcadia:container arcadia:strategy="Hierarchy">
          <arcadia:container arcadia:strategy="Hierarchy" arcadia:sbmlid="compartment">
            <arcadia:clone arcadia:sbmlid="ATP" arcadia:x="-12" arcadia:y="-227"/>
            <arcadia:clone arcadia:sbmlid="AMP" arcadia:x="-84" arcadia:y="-149"/>
            <arcadia:clone arcadia:sbmlid="ADP" arcadia:x="-12" arcadia:y="-53"/>
            <arcadia:clone arcadia:sbmlid="Pyr" arcadia:x="53" arcadia:y="-150"/>
            <arcadia:clone arcadia:sbmlid="NADH" arcadia:x="120" arcadia:y="-150"/>
            <arcadia:clone arcadia:sbmlid="Lac" arcadia:x="85" arcadia:y="-28"/>
            <arcadia:clone arcadia:sbmlid="v1" arcadia:x="-48" arcadia:y="-189"/>
            <arcadia:clone arcadia:sbmlid="v2" arcadia:x="-22" arcadia:y="-136"/>
            <arcadia:clone arcadia:sbmlid="v3" arcadia:x="-1" arcadia:y="-137"/>
            <arcadia:clone arcadia:sbmlid="v4" arcadia:x="86" arcadia:y="-83"/>
          </arcadia:container>
        </arcadia:container>
      </arcadia:layout>
    </arcadia:listoflayouts>
    <rdf:RDF xmlns:rdf="http://www.w3.org/1999/02/22-rdf-syntax-ns#" xmlns:dc="http://purl.org/dc/elements/1.1/" xmlns:dcterms="http://purl.org/dc/terms/" xmlns:vCard="http://www.w3.org/2001/vcard-rdf/3.0#" xmlns:bqbiol="http://biomodels.net/biology-qualifiers/" xmlns:bqmodel="http://biomodels.net/model-qualifiers/">
      <rdf:Description rdf:about="#metaid_0000002">
        <dc:creator>
          <rdf:Bag>
            <rdf:li rdf:parseType="Resource">
              <vCard:N rdf:parseType="Resource">
                <vCard:Family>Chelliah</vCard:Family>
                <vCard:Given>Vijayalakshmi</vCard:Given>
              </vCard:N>
              <vCard:EMAIL>viji@ebi.ac.uk</vCard:EMAIL>
              <vCard:ORG rdf:parseType="Resource">
                <vCard:Orgname>EMBL-EBI</vCard:Orgname>
              </vCard:ORG>
            </rdf:li>
            <rdf:li rdf:parseType="Resource">
              <vCard:N rdf:parseType="Resource">
                <vCard:Family>Valero</vCard:Family>
                <vCard:Given>Edelmira</vCard:Given>
              </vCard:N>
              <vCard:EMAIL>Edelmira.Valero@uclm.es</vCard:EMAIL>
              <vCard:ORG rdf:parseType="Resource">
                <vCard:Orgname>University of Castilla-La Mancha, 02071 Albaceta, Spain.</vCard:Orgname>
              </vCard:ORG>
            </rdf:li>
          </rdf:Bag>
        </dc:creator>
        <dcterms:created rdf:parseType="Resource">
          <dcterms:W3CDTF>2009-08-19T16:30:30Z</dcterms:W3CDTF>
        </dcterms:created>
        <dcterms:modified rdf:parseType="Resource">
          <dcterms:W3CDTF>2009-08-21T11:44:04Z</dcterms:W3CDTF>
        </dcterms:modified>
        <bqmodel:is>
          <rdf:Bag>
            <rdf:li rdf:resource="urn:miriam:biomodels.db:BIOMD0000000231"/>
          </rdf:Bag>
        </bqmodel:is>
        <bqmodel:isDescribedBy>
          <rdf:Bag>
            <rdf:li rdf:resource="urn:miriam:pubmed:16884499"/>
          </rdf:Bag>
        </bqmodel:isDescribedBy>
        <bqbiol:occursIn>
          <rdf:Bag>
            <rdf:li rdf:resource="urn:miriam:taxonomy:9913"/>
          </rdf:Bag>
        </bqbiol:occursIn>
        <bqbiol:isVersionOf>
          <rdf:Bag>
            <rdf:li rdf:resource="urn:miriam:reactome:REACT_2124"/>
          </rdf:Bag>
        </bqbiol:isVersionOf>
      </rdf:Description>
    </rdf:RDF>
    <listOfLayouts xmlns="http://projects.eml.org/bcb/sbml/level2" xmlns:xsi="http://www.w3.org/2001/XMLSchema-instance">
      <layout id="Arcadia_Layout_0">
        <dimensions width="358" height="368"/>
        <listOfCompartmentGlyphs>
          <compartmentGlyph id="CG_0" compartment="compartment">
            <boundingBox id="bbc_0">
              <position x="21" y="21"/>
              <dimensions width="316" height="326"/>
            </boundingBox>
          </compartmentGlyph>
        </listOfCompartmentGlyphs>
        <listOfSpeciesGlyphs>
          <speciesGlyph id="SG_0_0" species="ATP">
            <boundingBox id="bbs_0_0">
              <position x="124" y="72"/>
              <dimensions width="46" height="46"/>
            </boundingBox>
          </speciesGlyph>
          <speciesGlyph id="SG_1_0" species="AMP">
            <boundingBox id="bbs_1_0">
              <position x="52" y="150"/>
              <dimensions width="46" height="46"/>
            </boundingBox>
          </speciesGlyph>
          <speciesGlyph id="SG_2_0" species="ADP">
            <boundingBox id="bbs_2_0">
              <position x="124" y="246"/>
              <dimensions width="46" height="46"/>
            </boundingBox>
          </speciesGlyph>
          <speciesGlyph id="SG_3_0" species="Pyr">
            <boundingBox id="bbs_3_0">
              <position x="189" y="150"/>
              <dimensions width="46" height="44"/>
            </boundingBox>
          </speciesGlyph>
          <speciesGlyph id="SG_4_0" species="NADH">
            <boundingBox id="bbs_4_0">
              <position x="252" y="145"/>
              <dimensions width="54" height="54"/>
            </boundingBox>
          </speciesGlyph>
          <speciesGlyph id="SG_5_0" species="Lac">
            <boundingBox id="bbs_5_0">
              <position x="221" y="272"/>
              <dimensions width="46" height="44"/>
            </boundingBox>
          </speciesGlyph>
        </listOfSpeciesGlyphs>
        <listOfReactionGlyphs>
          <reactionGlyph id="RG_0" reaction="v1">
            <curve>
              <listOfCurveSegments>
                <curveSegment xsi:type="LineSegment">
                  <start x="111" y="133"/>
                  <end x="111" y="133"/>
                </curveSegment>
              </listOfCurveSegments>
            </curve>
            <listOfSpeciesReferenceGlyphs>
              <speciesReferenceGlyph id="SR_0_0" speciesGlyph="SG_0_0" role="substrate">
                <curve>
                  <listOfCurveSegments>
                    <curveSegment xsi:type="LineSegment">
                      <start x="124" y="112"/>
                      <end x="111" y="121"/>
                    </curveSegment>
                    <curveSegment xsi:type="LineSegment">
                      <start x="111" y="121"/>
                      <end x="111" y="133"/>
                    </curveSegment>
                  </listOfCurveSegments>
                </curve>
              </speciesReferenceGlyph>
              <speciesReferenceGlyph id="SR_0_1" speciesGlyph="SG_1_0" role="product">
                <curve>
                  <listOfCurveSegments>
                    <curveSegment xsi:type="LineSegment">
                      <start x="111" y="133"/>
                      <end x="111" y="145"/>
                    </curveSegment>
                    <curveSegment xsi:type="LineSegment">
                      <start x="111" y="145"/>
                      <end x="98" y="156"/>
                    </curveSegment>
                  </listOfCurveSegments>
                </curve>
              </speciesReferenceGlyph>
            </listOfSpeciesReferenceGlyphs>
          </reactionGlyph>
          <reactionGlyph id="RG_1" reaction="v2">
            <curve>
              <listOfCurveSegments>
                <curveSegment xsi:type="LineSegment">
                  <start x="137" y="186"/>
                  <end x="137" y="186"/>
                </curveSegment>
              </listOfCurveSegments>
            </curve>
            <listOfSpeciesReferenceGlyphs>
              <speciesReferenceGlyph id="SR_1_0" speciesGlyph="SG_0_0" role="substrate">
                <curve>
                  <listOfCurveSegments>
                    <curveSegment xsi:type="LineSegment">
                      <start x="145" y="118"/>
                      <end x="137" y="174"/>
                    </curveSegment>
                    <curveSegment xsi:type="LineSegment">
                      <start x="137" y="174"/>
                      <end x="137" y="186"/>
                    </curveSegment>
                  </listOfCurveSegments>
                </curve>
              </speciesReferenceGlyph>
              <speciesReferenceGlyph id="SR_1_1" speciesGlyph="SG_1_0" role="substrate">
                <curve>
                  <listOfCurveSegments>
                    <curveSegment xsi:type="LineSegment">
                      <start x="98" y="174"/>
                      <end x="137" y="174"/>
                    </curveSegment>
                    <curveSegment xsi:type="LineSegment">
                      <start x="137" y="174"/>
                      <end x="137" y="186"/>
                    </curveSegment>
                  </listOfCurveSegments>
                </curve>
              </speciesReferenceGlyph>
              <speciesReferenceGlyph id="SR_1_2" speciesGlyph="SG_2_0" role="product">
                <curve>
                  <listOfCurveSegments>
                    <curveSegment xsi:type="LineSegment">
                      <start x="137" y="186"/>
                      <end x="137" y="198"/>
                    </curveSegment>
                    <curveSegment xsi:type="LineSegment">
                      <start x="137" y="198"/>
                      <end x="144" y="246"/>
                    </curveSegment>
                  </listOfCurveSegments>
                </curve>
              </speciesReferenceGlyph>
            </listOfSpeciesReferenceGlyphs>
          </reactionGlyph>
          <reactionGlyph id="RG_2" reaction="v3">
            <curve>
              <listOfCurveSegments>
                <curveSegment xsi:type="LineSegment">
                  <start x="158" y="185"/>
                  <end x="158" y="185"/>
                </curveSegment>
              </listOfCurveSegments>
            </curve>
            <listOfSpeciesReferenceGlyphs>
              <speciesReferenceGlyph id="SR_2_0" speciesGlyph="SG_2_0" role="substrate">
                <curve>
                  <listOfCurveSegments>
                    <curveSegment xsi:type="LineSegment">
                      <start x="151" y="246"/>
                      <end x="158" y="197"/>
                    </curveSegment>
                    <curveSegment xsi:type="LineSegment">
                      <start x="158" y="197"/>
                      <end x="158" y="185"/>
                    </curveSegment>
                  </listOfCurveSegments>
                </curve>
              </speciesReferenceGlyph>
              <speciesReferenceGlyph id="SR_2_1" speciesGlyph="SG_0_0" role="product">
                <curve>
                  <listOfCurveSegments>
                    <curveSegment xsi:type="LineSegment">
                      <start x="158" y="185"/>
                      <end x="158" y="173"/>
                    </curveSegment>
                    <curveSegment xsi:type="LineSegment">
                      <start x="158" y="173"/>
                      <end x="151" y="118"/>
                    </curveSegment>
                  </listOfCurveSegments>
                </curve>
              </speciesReferenceGlyph>
              <speciesReferenceGlyph id="SR_2_2" speciesGlyph="SG_3_0" role="product">
                <curve>
                  <listOfCurveSegments>
                    <curveSegment xsi:type="LineSegment">
                      <start x="158" y="185"/>
                      <end x="158" y="173"/>
                    </curveSegment>
                    <curveSegment xsi:type="LineSegment">
                      <start x="158" y="173"/>
                      <end x="189" y="173"/>
                    </curveSegment>
                  </listOfCurveSegments>
                </curve>
              </speciesReferenceGlyph>
            </listOfSpeciesReferenceGlyphs>
          </reactionGlyph>
          <reactionGlyph id="RG_3" reaction="v4">
            <curve>
              <listOfCurveSegments>
                <curveSegment xsi:type="LineSegment">
                  <start x="245" y="239"/>
                  <end x="245" y="239"/>
                </curveSegment>
              </listOfCurveSegments>
            </curve>
            <listOfSpeciesReferenceGlyphs>
              <speciesReferenceGlyph id="SR_3_0" speciesGlyph="SG_3_0" role="substrate">
                <curve>
                  <listOfCurveSegments>
                    <curveSegment xsi:type="LineSegment">
                      <start x="224" y="194"/>
                      <end x="245" y="227"/>
                    </curveSegment>
                    <curveSegment xsi:type="LineSegment">
                      <start x="245" y="227"/>
                      <end x="245" y="239"/>
                    </curveSegment>
                  </listOfCurveSegments>
                </curve>
              </speciesReferenceGlyph>
              <speciesReferenceGlyph id="SR_3_1" speciesGlyph="SG_4_0" role="substrate">
                <curve>
                  <listOfCurveSegments>
                    <curveSegment xsi:type="LineSegment">
                      <start x="262" y="199"/>
                      <end x="245" y="227"/>
                    </curveSegment>
                    <curveSegment xsi:type="LineSegment">
                      <start x="245" y="227"/>
                      <end x="245" y="239"/>
                    </curveSegment>
                  </listOfCurveSegments>
                </curve>
              </speciesReferenceGlyph>
              <speciesReferenceGlyph id="SR_3_2" speciesGlyph="SG_5_0" role="product">
                <curve>
                  <listOfCurveSegments>
                    <curveSegment xsi:type="LineSegment">
                      <start x="245" y="239"/>
                      <end x="245" y="251"/>
                    </curveSegment>
                    <curveSegment xsi:type="LineSegment">
                      <start x="245" y="251"/>
                      <end x="244" y="272"/>
                    </curveSegment>
                  </listOfCurveSegments>
                </curve>
              </speciesReferenceGlyph>
            </listOfSpeciesReferenceGlyphs>
          </reactionGlyph>
        </listOfReactionGlyphs>
        <listOfTextGlyphs>
          <textGlyph id="TGS_0_0" graphicalObject="SG_0_0" originOfText="ATP">
            <boundingBox id="bbs_0_0">
              <position x="124" y="72"/>
              <dimensions width="46" height="46"/>
            </boundingBox>
          </textGlyph>
          <textGlyph id="TGS_1_0" graphicalObject="SG_1_0" originOfText="AMP">
            <boundingBox id="bbs_1_0">
              <position x="52" y="150"/>
              <dimensions width="46" height="46"/>
            </boundingBox>
          </textGlyph>
          <textGlyph id="TGS_2_0" graphicalObject="SG_2_0" originOfText="ADP">
            <boundingBox id="bbs_2_0">
              <position x="124" y="246"/>
              <dimensions width="46" height="46"/>
            </boundingBox>
          </textGlyph>
          <textGlyph id="TGS_3_0" graphicalObject="SG_3_0" originOfText="Pyr">
            <boundingBox id="bbs_3_0">
              <position x="189" y="150"/>
              <dimensions width="46" height="44"/>
            </boundingBox>
          </textGlyph>
          <textGlyph id="TGS_4_0" graphicalObject="SG_4_0" originOfText="NADH">
            <boundingBox id="bbs_4_0">
              <position x="252" y="145"/>
              <dimensions width="54" height="54"/>
            </boundingBox>
          </textGlyph>
          <textGlyph id="TGS_5_0" graphicalObject="SG_5_0" originOfText="Lac">
            <boundingBox id="bbs_5_0">
              <position x="221" y="272"/>
              <dimensions width="46" height="44"/>
            </boundingBox>
          </textGlyph>
          <textGlyph id="TGC_0" graphicalObject="CG_0" originOfText="compartment">
            <boundingBox id="bbl_0">
              <position x="33" y="33"/>
              <dimensions width="82" height="20"/>
            </boundingBox>
          </textGlyph>
        </listOfTextGlyphs>
      </layout>
    </listOfLayouts>
  </annotation>
  <listOfCompartments>
    <compartment metaid="metaid_0000012" id="compartment" name="compartment" size="1"/>
  </listOfCompartments>
  <listOfSpecies>
    <species metaid="metaid_0000013" id="ATP" name="ATP" compartment="compartment" initialConcentration="16.3" sboTerm="SBO:0000247">
      <annotation>
        <rdf:RDF xmlns:rdf="http://www.w3.org/1999/02/22-rdf-syntax-ns#" xmlns:dc="http://purl.org/dc/elements/1.1/" xmlns:dcterms="http://purl.org/dc/terms/" xmlns:vCard="http://www.w3.org/2001/vcard-rdf/3.0#" xmlns:bqbiol="http://biomodels.net/biology-qualifiers/" xmlns:bqmodel="http://biomodels.net/model-qualifiers/">
          <rdf:Description rdf:about="#metaid_0000013">
            <bqbiol:isVersionOf>
              <rdf:Bag>
                <rdf:li rdf:resource="urn:miriam:obo.chebi:CHEBI%3A15422"/>
                <rdf:li rdf:resource="urn:miriam:kegg.compound:C00002"/>
              </rdf:Bag>
            </bqbiol:isVersionOf>
          </rdf:Description>
        </rdf:RDF>
      </annotation>
    </species>
    <species metaid="metaid_0000014" id="AMP" name="AMP" compartment="compartment" initialConcentration="0" sboTerm="SBO:0000247">
      <annotation>
        <rdf:RDF xmlns:rdf="http://www.w3.org/1999/02/22-rdf-syntax-ns#" xmlns:dc="http://purl.org/dc/elements/1.1/" xmlns:dcterms="http://purl.org/dc/terms/" xmlns:vCard="http://www.w3.org/2001/vcard-rdf/3.0#" xmlns:bqbiol="http://biomodels.net/biology-qualifiers/" xmlns:bqmodel="http://biomodels.net/model-qualifiers/">
          <rdf:Description rdf:about="#metaid_0000014">
            <bqbiol:isVersionOf>
              <rdf:Bag>
                <rdf:li rdf:resource="urn:miriam:obo.chebi:CHEBI%3A16027"/>
                <rdf:li rdf:resource="urn:miriam:kegg.compound:C00020"/>
              </rdf:Bag>
            </bqbiol:isVersionOf>
          </rdf:Description>
        </rdf:RDF>
      </annotation>
    </species>
    <species metaid="metaid_0000015" id="ADP" name="ADP" compartment="compartment" initialConcentration="0" sboTerm="SBO:0000247">
      <annotation>
        <rdf:RDF xmlns:rdf="http://www.w3.org/1999/02/22-rdf-syntax-ns#" xmlns:dc="http://purl.org/dc/elements/1.1/" xmlns:dcterms="http://purl.org/dc/terms/" xmlns:vCard="http://www.w3.org/2001/vcard-rdf/3.0#" xmlns:bqbiol="http://biomodels.net/biology-qualifiers/" xmlns:bqmodel="http://biomodels.net/model-qualifiers/">
          <rdf:Description rdf:about="#metaid_0000015">
            <bqbiol:isVersionOf>
              <rdf:Bag>
                <rdf:li rdf:resource="urn:miriam:obo.chebi:CHEBI%3A16761"/>
                <rdf:li rdf:resource="urn:miriam:kegg.compound:C00008"/>
              </rdf:Bag>
            </bqbiol:isVersionOf>
          </rdf:Description>
        </rdf:RDF>
      </annotation>
    </species>
    <species metaid="metaid_0000016" id="Pyr" name="Pyr" compartment="compartment" initialConcentration="0" sboTerm="SBO:0000014">
      <annotation>
        <rdf:RDF xmlns:rdf="http://www.w3.org/1999/02/22-rdf-syntax-ns#" xmlns:dc="http://purl.org/dc/elements/1.1/" xmlns:dcterms="http://purl.org/dc/terms/" xmlns:vCard="http://www.w3.org/2001/vcard-rdf/3.0#" xmlns:bqbiol="http://biomodels.net/biology-qualifiers/" xmlns:bqmodel="http://biomodels.net/model-qualifiers/">
          <rdf:Description rdf:about="#metaid_0000016">
            <bqbiol:isVersionOf>
              <rdf:Bag>
                <rdf:li rdf:resource="urn:miriam:interpro:IPR001697"/>
              </rdf:Bag>
            </bqbiol:isVersionOf>
            <bqbiol:isHomologTo>
              <rdf:Bag>
                <rdf:li rdf:resource="urn:miriam:uniprot:O62619"/>
              </rdf:Bag>
            </bqbiol:isHomologTo>
          </rdf:Description>
        </rdf:RDF>
      </annotation>
    </species>
    <species metaid="metaid_0000017" id="NADH" name="NADH" compartment="compartment" initialConcentration="256" sboTerm="SBO:0000247">
      <annotation>
        <rdf:RDF xmlns:rdf="http://www.w3.org/1999/02/22-rdf-syntax-ns#" xmlns:dc="http://purl.org/dc/elements/1.1/" xmlns:dcterms="http://purl.org/dc/terms/" xmlns:vCard="http://www.w3.org/2001/vcard-rdf/3.0#" xmlns:bqbiol="http://biomodels.net/biology-qualifiers/" xmlns:bqmodel="http://biomodels.net/model-qualifiers/">
          <rdf:Description rdf:about="#metaid_0000017">
            <bqbiol:isVersionOf>
              <rdf:Bag>
                <rdf:li rdf:resource="urn:miriam:obo.chebi:CHEBI%3A16908"/>
                <rdf:li rdf:resource="urn:miriam:kegg.compound:C00004"/>
              </rdf:Bag>
            </bqbiol:isVersionOf>
          </rdf:Description>
        </rdf:RDF>
      </annotation>
    </species>
    <species metaid="metaid_0000018" id="Lac" name="Lac" compartment="compartment" initialConcentration="0" boundaryCondition="true" constant="true" sboTerm="SBO:0000014">
      <annotation>
        <rdf:RDF xmlns:rdf="http://www.w3.org/1999/02/22-rdf-syntax-ns#" xmlns:dc="http://purl.org/dc/elements/1.1/" xmlns:dcterms="http://purl.org/dc/terms/" xmlns:vCard="http://www.w3.org/2001/vcard-rdf/3.0#" xmlns:bqbiol="http://biomodels.net/biology-qualifiers/" xmlns:bqmodel="http://biomodels.net/model-qualifiers/">
          <rdf:Description rdf:about="#metaid_0000018">
            <bqbiol:isVersionOf>
              <rdf:Bag>
                <rdf:li rdf:resource="urn:miriam:uniprot:Q2KJG0"/>
                <rdf:li rdf:resource="urn:miriam:interpro:IPR011304"/>
              </rdf:Bag>
            </bqbiol:isVersionOf>
          </rdf:Description>
        </rdf:RDF>
      </annotation>
    </species>
  </listOfSpecies>
  <listOfParameters>
    <parameter metaid="metaid_0000003" id="Vmapp1" name="Vmapp1" value="2.3"/>
    <parameter metaid="metaid_0000004" id="Kmapp1" name="Kmapp1" value="700"/>
    <parameter metaid="metaid_0000005" id="Vm2" name="Vm2" value="170"/>
    <parameter metaid="metaid_0000006" id="Km2ATP" name="Km2ATP" value="25"/>
    <parameter metaid="metaid_0000007" id="Km2AMP" name="Km2AMP" value="110"/>
    <parameter metaid="metaid_0000008" id="K" name="K" value="71000"/>
    <parameter metaid="metaid_0000009" id="Vmapp3" name="Vmapp3" value="65"/>
    <parameter metaid="metaid_0000010" id="Kmapp3" name="Kmapp3" value="260"/>
    <parameter metaid="metaid_0000011" id="k4" name="k4" value="5"/>
  </listOfParameters>
  <listOfReactions>
    <reaction metaid="metaid_0000019" id="v1" name="v1">
      <annotation>
        <rdf:RDF xmlns:rdf="http://www.w3.org/1999/02/22-rdf-syntax-ns#" xmlns:dc="http://purl.org/dc/elements/1.1/" xmlns:dcterms="http://purl.org/dc/terms/" xmlns:vCard="http://www.w3.org/2001/vcard-rdf/3.0#" xmlns:bqbiol="http://biomodels.net/biology-qualifiers/" xmlns:bqmodel="http://biomodels.net/model-qualifiers/">
          <rdf:Description rdf:about="#metaid_0000019">
            <bqbiol:isVersionOf>
              <rdf:Bag>
                <rdf:li rdf:resource="urn:miriam:kegg.reaction:R00086"/>
              </rdf:Bag>
            </bqbiol:isVersionOf>
          </rdf:Description>
        </rdf:RDF>
      </annotation>
      <listOfReactants>
        <speciesReference species="ATP"/>
      </listOfReactants>
      <listOfProducts>
        <speciesReference species="AMP"/>
      </listOfProducts>
      <kineticLaw>
        <math xmlns="http://www.w3.org/1998/Math/MathML">
          <apply>
            <divide/>
            <apply>
              <times/>
              <ci> Vmapp1 </ci>
              <ci> ATP </ci>
            </apply>
            <apply>
              <plus/>
              <ci> Kmapp1 </ci>
              <ci> ATP </ci>
            </apply>
          </apply>
        </math>
      </kineticLaw>
    </reaction>
    <reaction metaid="metaid_0000020" id="v2" name="v2">
      <annotation>
        <rdf:RDF xmlns:rdf="http://www.w3.org/1999/02/22-rdf-syntax-ns#" xmlns:dc="http://purl.org/dc/elements/1.1/" xmlns:dcterms="http://purl.org/dc/terms/" xmlns:vCard="http://www.w3.org/2001/vcard-rdf/3.0#" xmlns:bqbiol="http://biomodels.net/biology-qualifiers/" xmlns:bqmodel="http://biomodels.net/model-qualifiers/">
          <rdf:Description rdf:about="#metaid_0000020">
            <bqbiol:isVersionOf>
              <rdf:Bag>
                <rdf:li rdf:resource="urn:miriam:kegg.reaction:R00127"/>
              </rdf:Bag>
            </bqbiol:isVersionOf>
          </rdf:Description>
        </rdf:RDF>
      </annotation>
      <listOfReactants>
        <speciesReference species="ATP"/>
        <speciesReference species="AMP"/>
      </listOfReactants>
      <listOfProducts>
        <speciesReference species="ADP" stoichiometry="2"/>
      </listOfProducts>
      <kineticLaw>
        <math xmlns="http://www.w3.org/1998/Math/MathML">
          <apply>
            <divide/>
            <apply>
              <times/>
              <ci> Vm2 </ci>
              <ci> ATP </ci>
              <ci> AMP </ci>
            </apply>
            <apply>
              <plus/>
              <ci> K </ci>
              <apply>
                <times/>
                <ci> Km2ATP </ci>
                <ci> AMP </ci>
              </apply>
              <apply>
                <times/>
                <ci> Km2AMP </ci>
                <ci> ATP </ci>
              </apply>
              <apply>
                <times/>
                <ci> ATP </ci>
                <ci> AMP </ci>
              </apply>
            </apply>
          </apply>
        </math>
      </kineticLaw>
    </reaction>
    <reaction metaid="metaid_0000021" id="v3" name="v3">
      <annotation>
        <rdf:RDF xmlns:rdf="http://www.w3.org/1999/02/22-rdf-syntax-ns#" xmlns:dc="http://purl.org/dc/elements/1.1/" xmlns:dcterms="http://purl.org/dc/terms/" xmlns:vCard="http://www.w3.org/2001/vcard-rdf/3.0#" xmlns:bqbiol="http://biomodels.net/biology-qualifiers/" xmlns:bqmodel="http://biomodels.net/model-qualifiers/">
          <rdf:Description rdf:about="#metaid_0000021">
            <bqbiol:isVersionOf>
              <rdf:Bag>
                <rdf:li rdf:resource="urn:miriam:kegg.reaction:R00200"/>
              </rdf:Bag>
            </bqbiol:isVersionOf>
          </rdf:Description>
        </rdf:RDF>
      </annotation>
      <listOfReactants>
        <speciesReference species="ADP"/>
      </listOfReactants>
      <listOfProducts>
        <speciesReference species="ATP"/>
        <speciesReference species="Pyr"/>
      </listOfProducts>
      <kineticLaw>
        <math xmlns="http://www.w3.org/1998/Math/MathML">
          <apply>
            <divide/>
            <apply>
              <times/>
              <ci> Vmapp3 </ci>
              <ci> ADP </ci>
            </apply>
            <apply>
              <plus/>
              <ci> Kmapp3 </ci>
              <ci> ADP </ci>
            </apply>
          </apply>
        </math>
      </kineticLaw>
    </reaction>
    <reaction metaid="metaid_0000022" id="v4" name="v4">
      <annotation>
        <rdf:RDF xmlns:rdf="http://www.w3.org/1999/02/22-rdf-syntax-ns#" xmlns:dc="http://purl.org/dc/elements/1.1/" xmlns:dcterms="http://purl.org/dc/terms/" xmlns:vCard="http://www.w3.org/2001/vcard-rdf/3.0#" xmlns:bqbiol="http://biomodels.net/biology-qualifiers/" xmlns:bqmodel="http://biomodels.net/model-qualifiers/">
          <rdf:Description rdf:about="#metaid_0000022">
            <bqbiol:isVersionOf>
              <rdf:Bag>
                <rdf:li rdf:resource="urn:miriam:kegg.reaction:R00703"/>
              </rdf:Bag>
            </bqbiol:isVersionOf>
          </rdf:Description>
        </rdf:RDF>
      </annotation>
      <listOfReactants>
        <speciesReference species="Pyr"/>
        <speciesReference species="NADH"/>
      </listOfReactants>
      <listOfProducts>
        <speciesReference species="Lac"/>
      </listOfProducts>
      <kineticLaw>
        <math xmlns="http://www.w3.org/1998/Math/MathML">
          <apply>
            <times/>
            <ci> k4 </ci>
            <ci> Pyr </ci>
          </apply>
        </math>
      </kineticLaw>
    </reaction>
  </listOfReactions>
</model>
</sbml>
